dimension,vertices,ave_degree,epsilon,fptas_mosp
60, 1200, 8, 0.8, 561
60, 1200, 8, 0.8, 321
60, 1200, 8, 0.8, 370
60, 1200, 8, 0.8, 207
60, 1200, 8, 0.8, 197
60, 1200, 8, 0.8, 208
60, 1200, 8, 0.8, 2823
60, 1200, 8, 0.8, 120968
60, 1200, 8, 0.8, 4785
60, 1200, 8, 0.8, 236
60, 1200, 8, 0.8, 200
60, 1200, 8, 0.8, 218
60, 1200, 8, 0.8, 25379
60, 1200, 8, 0.8, 2613
60, 1200, 8, 0.8, 6600
60, 1200, 8, 0.8, 247
60, 1200, 8, 0.8, 197
60, 1200, 8, 0.8, 256
60, 1200, 8, 0.8, 227
60, 1200, 8, 0.8, 214
60, 1200, 8, 3.2, 267
60, 1200, 8, 3.2, 3589
60, 1200, 8, 3.2, 333
60, 1200, 8, 3.2, 200
60, 1200, 8, 3.2, 13457
60, 1200, 8, 3.2, 2863
60, 1200, 8, 3.2, 198
60, 1200, 8, 3.2, 668
60, 1200, 8, 3.2, 7341
60, 1200, 8, 3.2, 216
60, 1200, 8, 3.2, 195
60, 1200, 8, 3.2, 215
60, 1200, 8, 3.2, 217
60, 1200, 8, 3.2, 331
60, 1200, 8, 3.2, 2668
60, 1200, 8, 3.2, 1228
60, 1200, 8, 3.2, 845
60, 1200, 8, 3.2, 230
60, 1200, 8, 3.2, 209
60, 1200, 8, 3.2, 1567
60, 1200, 8, 12.8, 528
60, 1200, 8, 12.8, 249
60, 1200, 8, 12.8, 3052
60, 1200, 8, 12.8, 1640
60, 1200, 8, 12.8, 2661
60, 1200, 8, 12.8, 206
60, 1200, 8, 12.8, 251
60, 1200, 8, 12.8, 2152
60, 1200, 8, 12.8, 185
60, 1200, 8, 12.8, 967
60, 1200, 8, 12.8, 469
60, 1200, 8, 12.8, 730
60, 1200, 8, 12.8, 3997
60, 1200, 8, 12.8, 445
60, 1200, 8, 12.8, 1982
60, 1200, 8, 12.8, 193
60, 1200, 8, 12.8, 185
60, 1200, 8, 12.8, 229
60, 1200, 8, 12.8, 227
60, 1200, 8, 12.8, 8607
60, 1200, 8, 51.2, 193
60, 1200, 8, 51.2, 405
60, 1200, 8, 51.2, 370
60, 1200, 8, 51.2, 211
60, 1200, 8, 51.2, 209
60, 1200, 8, 51.2, 250
60, 1200, 8, 51.2, 698
60, 1200, 8, 51.2, 1588
60, 1200, 8, 51.2, 703
60, 1200, 8, 51.2, 2109
60, 1200, 8, 51.2, 3053
60, 1200, 8, 51.2, 2140
60, 1200, 8, 51.2, 286
60, 1200, 8, 51.2, 1854
60, 1200, 8, 51.2, 193
60, 1200, 8, 51.2, 1187
60, 1200, 8, 51.2, 867
60, 1200, 8, 51.2, 393
60, 1200, 8, 51.2, 226
60, 1200, 8, 51.2, 191
60, 1200, 8, 204.8, 581
60, 1200, 8, 204.8, 204
60, 1200, 8, 204.8, 197
60, 1200, 8, 204.8, 243
60, 1200, 8, 204.8, 231
60, 1200, 8, 204.8, 1351
60, 1200, 8, 204.8, 189
60, 1200, 8, 204.8, 486
60, 1200, 8, 204.8, 651
60, 1200, 8, 204.8, 420
60, 1200, 8, 204.8, 1311
60, 1200, 8, 204.8, 403
60, 1200, 8, 204.8, 237
60, 1200, 8, 204.8, 283
60, 1200, 8, 204.8, 867
60, 1200, 8, 204.8, 222
60, 1200, 8, 204.8, 292
60, 1200, 8, 204.8, 488
60, 1200, 8, 204.8, 189
60, 1200, 8, 204.8, 435
60, 1200, 8, 819.2, 468
60, 1200, 8, 819.2, 221
60, 1200, 8, 819.2, 211
60, 1200, 8, 819.2, 575
60, 1200, 8, 819.2, 406
60, 1200, 8, 819.2, 216
60, 1200, 8, 819.2, 847
60, 1200, 8, 819.2, 603
60, 1200, 8, 819.2, 492
60, 1200, 8, 819.2, 469
60, 1200, 8, 819.2, 303
60, 1200, 8, 819.2, 827
60, 1200, 8, 819.2, 709
60, 1200, 8, 819.2, 215
60, 1200, 8, 819.2, 240
60, 1200, 8, 819.2, 368
60, 1200, 8, 819.2, 540
60, 1200, 8, 819.2, 494
60, 1200, 8, 819.2, 229
60, 1200, 8, 819.2, 310
60, 1200, 7, 0.8, 274
60, 1200, 7, 0.8, 208
60, 1200, 7, 0.8, 2578
60, 1200, 7, 0.8, 23170
60, 1200, 7, 0.8, 498
60, 1200, 7, 0.8, 195
60, 1200, 7, 0.8, 101672
60, 1200, 7, 0.8, 695
60, 1200, 7, 0.8, 32221
60, 1200, 7, 0.8, 12675
60, 1200, 7, 0.8, 471
60, 1200, 7, 0.8, 7796
60, 1200, 7, 0.8, 848
60, 1200, 7, 0.8, 10991
60, 1200, 7, 0.8, 256
60, 1200, 7, 0.8, 529
60, 1200, 7, 0.8, 5379
60, 1200, 7, 0.8, 16241
60, 1200, 7, 0.8, 175
60, 1200, 7, 0.8, 68018
60, 1200, 7, 3.2, 316
60, 1200, 7, 3.2, 293
60, 1200, 7, 3.2, 3920
60, 1200, 7, 3.2, 3392
60, 1200, 7, 3.2, 175
60, 1200, 7, 3.2, 169
60, 1200, 7, 3.2, 199
60, 1200, 7, 3.2, 2389
60, 1200, 7, 3.2, 565
60, 1200, 7, 3.2, 184
60, 1200, 7, 3.2, 279
60, 1200, 7, 3.2, 1506
60, 1200, 7, 3.2, 226
60, 1200, 7, 3.2, 205
60, 1200, 7, 3.2, 183
60, 1200, 7, 3.2, 5804
60, 1200, 7, 3.2, 218
60, 1200, 7, 3.2, 183
60, 1200, 7, 3.2, 5204
60, 1200, 7, 3.2, 8092
60, 1200, 7, 12.8, 288
60, 1200, 7, 12.8, 1418
60, 1200, 7, 12.8, 233
60, 1200, 7, 12.8, 168
60, 1200, 7, 12.8, 182
60, 1200, 7, 12.8, 168
60, 1200, 7, 12.8, 235
60, 1200, 7, 12.8, 3460
60, 1200, 7, 12.8, 2827
60, 1200, 7, 12.8, 217
60, 1200, 7, 12.8, 3137
60, 1200, 7, 12.8, 916
60, 1200, 7, 12.8, 179
60, 1200, 7, 12.8, 363
60, 1200, 7, 12.8, 178
60, 1200, 7, 12.8, 182
60, 1200, 7, 12.8, 237
60, 1200, 7, 12.8, 3800
60, 1200, 7, 12.8, 185
60, 1200, 7, 12.8, 675
60, 1200, 7, 51.2, 183
60, 1200, 7, 51.2, 794
60, 1200, 7, 51.2, 199
60, 1200, 7, 51.2, 184
60, 1200, 7, 51.2, 254
60, 1200, 7, 51.2, 287
60, 1200, 7, 51.2, 375
60, 1200, 7, 51.2, 286
60, 1200, 7, 51.2, 588
60, 1200, 7, 51.2, 2766
60, 1200, 7, 51.2, 217
60, 1200, 7, 51.2, 169
60, 1200, 7, 51.2, 825
60, 1200, 7, 51.2, 363
60, 1200, 7, 51.2, 1246
60, 1200, 7, 51.2, 368
60, 1200, 7, 51.2, 940
60, 1200, 7, 51.2, 187
60, 1200, 7, 51.2, 445
60, 1200, 7, 51.2, 202
60, 1200, 7, 204.8, 244
60, 1200, 7, 204.8, 165
60, 1200, 7, 204.8, 200
60, 1200, 7, 204.8, 605
60, 1200, 7, 204.8, 168
60, 1200, 7, 204.8, 196
60, 1200, 7, 204.8, 185
60, 1200, 7, 204.8, 476
60, 1200, 7, 204.8, 167
60, 1200, 7, 204.8, 586
60, 1200, 7, 204.8, 258
60, 1200, 7, 204.8, 645
60, 1200, 7, 204.8, 189
60, 1200, 7, 204.8, 302
60, 1200, 7, 204.8, 2316
60, 1200, 7, 204.8, 238
60, 1200, 7, 204.8, 801
60, 1200, 7, 204.8, 208
60, 1200, 7, 204.8, 353
60, 1200, 7, 204.8, 187
60, 1200, 7, 819.2, 204
60, 1200, 7, 819.2, 171
60, 1200, 7, 819.2, 264
60, 1200, 7, 819.2, 333
60, 1200, 7, 819.2, 191
60, 1200, 7, 819.2, 232
60, 1200, 7, 819.2, 355
60, 1200, 7, 819.2, 206
60, 1200, 7, 819.2, 256
60, 1200, 7, 819.2, 207
60, 1200, 7, 819.2, 699
60, 1200, 7, 819.2, 319
60, 1200, 7, 819.2, 790
60, 1200, 7, 819.2, 196
60, 1200, 7, 819.2, 162
60, 1200, 7, 819.2, 324
60, 1200, 7, 819.2, 239
60, 1200, 7, 819.2, 695
60, 1200, 7, 819.2, 222
60, 1200, 7, 819.2, 184
60, 1200, 6, 0.8, 1298
60, 1200, 6, 0.8, 221
60, 1200, 6, 0.8, 179
60, 1200, 6, 0.8, 170
60, 1200, 6, 0.8, 1461
60, 1200, 6, 0.8, 162
60, 1200, 6, 0.8, 8530
60, 1200, 6, 0.8, 165
60, 1200, 6, 0.8, 246
60, 1200, 6, 0.8, 575
60, 1200, 6, 0.8, 184
60, 1200, 6, 0.8, 153
60, 1200, 6, 0.8, 157
60, 1200, 6, 0.8, 1395
60, 1200, 6, 0.8, 193
60, 1200, 6, 0.8, 1827
60, 1200, 6, 0.8, 403
60, 1200, 6, 0.8, 183
60, 1200, 6, 0.8, 247
60, 1200, 6, 0.8, 6647
60, 1200, 6, 3.2, 180
60, 1200, 6, 3.2, 231
60, 1200, 6, 3.2, 983
60, 1200, 6, 3.2, 199
60, 1200, 6, 3.2, 162
60, 1200, 6, 3.2, 915
60, 1200, 6, 3.2, 341
60, 1200, 6, 3.2, 11164
60, 1200, 6, 3.2, 151
60, 1200, 6, 3.2, 147
60, 1200, 6, 3.2, 159
60, 1200, 6, 3.2, 1040
60, 1200, 6, 3.2, 356
60, 1200, 6, 3.2, 4315
60, 1200, 6, 3.2, 144
60, 1200, 6, 3.2, 649
60, 1200, 6, 3.2, 587
60, 1200, 6, 3.2, 245
60, 1200, 6, 3.2, 144
60, 1200, 6, 3.2, 531
60, 1200, 6, 12.8, 193
60, 1200, 6, 12.8, 194
60, 1200, 6, 12.8, 198
60, 1200, 6, 12.8, 198
60, 1200, 6, 12.8, 176
60, 1200, 6, 12.8, 1357
60, 1200, 6, 12.8, 1219
60, 1200, 6, 12.8, 614
60, 1200, 6, 12.8, 2126
60, 1200, 6, 12.8, 172
60, 1200, 6, 12.8, 685
60, 1200, 6, 12.8, 164
60, 1200, 6, 12.8, 179
60, 1200, 6, 12.8, 152
60, 1200, 6, 12.8, 892
60, 1200, 6, 12.8, 1057
60, 1200, 6, 12.8, 1084
60, 1200, 6, 12.8, 166
60, 1200, 6, 12.8, 296
60, 1200, 6, 12.8, 732
60, 1200, 6, 51.2, 196
60, 1200, 6, 51.2, 251
60, 1200, 6, 51.2, 610
60, 1200, 6, 51.2, 1483
60, 1200, 6, 51.2, 501
60, 1200, 6, 51.2, 257
60, 1200, 6, 51.2, 859
60, 1200, 6, 51.2, 146
60, 1200, 6, 51.2, 193
60, 1200, 6, 51.2, 355
60, 1200, 6, 51.2, 304
60, 1200, 6, 51.2, 151
60, 1200, 6, 51.2, 2998
60, 1200, 6, 51.2, 1798
60, 1200, 6, 51.2, 161
60, 1200, 6, 51.2, 397
60, 1200, 6, 51.2, 228
60, 1200, 6, 51.2, 183
60, 1200, 6, 51.2, 937
60, 1200, 6, 51.2, 221
60, 1200, 6, 204.8, 810
60, 1200, 6, 204.8, 309
60, 1200, 6, 204.8, 168
60, 1200, 6, 204.8, 150
60, 1200, 6, 204.8, 1057
60, 1200, 6, 204.8, 718
60, 1200, 6, 204.8, 692
60, 1200, 6, 204.8, 229
60, 1200, 6, 204.8, 182
60, 1200, 6, 204.8, 160
60, 1200, 6, 204.8, 208
60, 1200, 6, 204.8, 167
60, 1200, 6, 204.8, 173
60, 1200, 6, 204.8, 154
60, 1200, 6, 204.8, 190
60, 1200, 6, 204.8, 150
60, 1200, 6, 204.8, 287
60, 1200, 6, 204.8, 223
60, 1200, 6, 204.8, 384
60, 1200, 6, 204.8, 212
60, 1200, 6, 819.2, 437
60, 1200, 6, 819.2, 176
60, 1200, 6, 819.2, 274
60, 1200, 6, 819.2, 512
60, 1200, 6, 819.2, 379
60, 1200, 6, 819.2, 189
60, 1200, 6, 819.2, 171
60, 1200, 6, 819.2, 187
60, 1200, 6, 819.2, 179
60, 1200, 6, 819.2, 286
60, 1200, 6, 819.2, 143
60, 1200, 6, 819.2, 166
60, 1200, 6, 819.2, 424
60, 1200, 6, 819.2, 597
60, 1200, 6, 819.2, 327
60, 1200, 6, 819.2, 235
60, 1200, 6, 819.2, 143
60, 1200, 6, 819.2, 967
60, 1200, 6, 819.2, 151
60, 1200, 6, 819.2, 315
60, 1200, 5, 0.8, 195
60, 1200, 5, 0.8, 176
60, 1200, 5, 0.8, 161
60, 1200, 5, 0.8, 158
60, 1200, 5, 0.8, 125
60, 1200, 5, 0.8, 150
60, 1200, 5, 0.8, 539
60, 1200, 5, 0.8, 528
60, 1200, 5, 0.8, 149
60, 1200, 5, 0.8, 6679
60, 1200, 5, 0.8, 7159
60, 1200, 5, 0.8, 4310
60, 1200, 5, 0.8, 194
60, 1200, 5, 0.8, 9156
60, 1200, 5, 0.8, 134
60, 1200, 5, 0.8, 1399
60, 1200, 5, 0.8, 166
60, 1200, 5, 0.8, 140
60, 1200, 5, 0.8, 4646
60, 1200, 5, 0.8, 127
60, 1200, 5, 3.2, 118
60, 1200, 5, 3.2, 824
60, 1200, 5, 3.2, 1369
60, 1200, 5, 3.2, 226
60, 1200, 5, 3.2, 159
60, 1200, 5, 3.2, 1366
60, 1200, 5, 3.2, 482
60, 1200, 5, 3.2, 242
60, 1200, 5, 3.2, 660
60, 1200, 5, 3.2, 7457
60, 1200, 5, 3.2, 258
60, 1200, 5, 3.2, 1268
60, 1200, 5, 3.2, 126
60, 1200, 5, 3.2, 127
60, 1200, 5, 3.2, 146
60, 1200, 5, 3.2, 253
60, 1200, 5, 3.2, 255
60, 1200, 5, 3.2, 131
60, 1200, 5, 3.2, 741
60, 1200, 5, 3.2, 126
60, 1200, 5, 12.8, 153
60, 1200, 5, 12.8, 328
60, 1200, 5, 12.8, 155
60, 1200, 5, 12.8, 133
60, 1200, 5, 12.8, 804
60, 1200, 5, 12.8, 218
60, 1200, 5, 12.8, 128
60, 1200, 5, 12.8, 811
60, 1200, 5, 12.8, 547
60, 1200, 5, 12.8, 152
60, 1200, 5, 12.8, 156
60, 1200, 5, 12.8, 444
60, 1200, 5, 12.8, 279
60, 1200, 5, 12.8, 127
60, 1200, 5, 12.8, 1080
60, 1200, 5, 12.8, 136
60, 1200, 5, 12.8, 123
60, 1200, 5, 12.8, 153
60, 1200, 5, 12.8, 143
60, 1200, 5, 12.8, 352
60, 1200, 5, 51.2, 564
60, 1200, 5, 51.2, 1139
60, 1200, 5, 51.2, 140
60, 1200, 5, 51.2, 357
60, 1200, 5, 51.2, 123
60, 1200, 5, 51.2, 138
60, 1200, 5, 51.2, 188
60, 1200, 5, 51.2, 150
60, 1200, 5, 51.2, 131
60, 1200, 5, 51.2, 201
60, 1200, 5, 51.2, 478
60, 1200, 5, 51.2, 425
60, 1200, 5, 51.2, 162
60, 1200, 5, 51.2, 398
60, 1200, 5, 51.2, 124
60, 1200, 5, 51.2, 142
60, 1200, 5, 51.2, 549
60, 1200, 5, 51.2, 188
60, 1200, 5, 51.2, 141
60, 1200, 5, 51.2, 117
60, 1200, 5, 204.8, 377
60, 1200, 5, 204.8, 124
60, 1200, 5, 204.8, 253
60, 1200, 5, 204.8, 132
60, 1200, 5, 204.8, 198
60, 1200, 5, 204.8, 114
60, 1200, 5, 204.8, 175
60, 1200, 5, 204.8, 139
60, 1200, 5, 204.8, 260
60, 1200, 5, 204.8, 132
60, 1200, 5, 204.8, 411
60, 1200, 5, 204.8, 159
60, 1200, 5, 204.8, 138
60, 1200, 5, 204.8, 310
60, 1200, 5, 204.8, 120
60, 1200, 5, 204.8, 142
60, 1200, 5, 204.8, 186
60, 1200, 5, 204.8, 130
60, 1200, 5, 204.8, 638
60, 1200, 5, 204.8, 120
60, 1200, 5, 819.2, 236
60, 1200, 5, 819.2, 155
60, 1200, 5, 819.2, 462
60, 1200, 5, 819.2, 275
60, 1200, 5, 819.2, 184
60, 1200, 5, 819.2, 144
60, 1200, 5, 819.2, 155
60, 1200, 5, 819.2, 124
60, 1200, 5, 819.2, 221
60, 1200, 5, 819.2, 232
60, 1200, 5, 819.2, 114
60, 1200, 5, 819.2, 293
60, 1200, 5, 819.2, 507
60, 1200, 5, 819.2, 852
60, 1200, 5, 819.2, 285
60, 1200, 5, 819.2, 146
60, 1200, 5, 819.2, 303
60, 1200, 5, 819.2, 142
60, 1200, 5, 819.2, 127
60, 1200, 5, 819.2, 195
60, 1200, 4, 0.8, 111
60, 1200, 4, 0.8, 115
60, 1200, 4, 0.8, 99
60, 1200, 4, 0.8, 124
60, 1200, 4, 0.8, 101
60, 1200, 4, 0.8, 399
60, 1200, 4, 0.8, 370
60, 1200, 4, 0.8, 102
60, 1200, 4, 0.8, 112
60, 1200, 4, 0.8, 125
60, 1200, 4, 0.8, 1002
60, 1200, 4, 0.8, 365
60, 1200, 4, 0.8, 106
60, 1200, 4, 0.8, 140
60, 1200, 4, 0.8, 112
60, 1200, 4, 0.8, 187
60, 1200, 4, 0.8, 349
60, 1200, 4, 0.8, 250
60, 1200, 4, 0.8, 267
60, 1200, 4, 0.8, 130
60, 1200, 4, 3.2, 103
60, 1200, 4, 3.2, 123
60, 1200, 4, 3.2, 96
60, 1200, 4, 3.2, 135
60, 1200, 4, 3.2, 406
60, 1200, 4, 3.2, 142
60, 1200, 4, 3.2, 1144
60, 1200, 4, 3.2, 141
60, 1200, 4, 3.2, 720
60, 1200, 4, 3.2, 125
60, 1200, 4, 3.2, 178
60, 1200, 4, 3.2, 496
60, 1200, 4, 3.2, 440
60, 1200, 4, 3.2, 203
60, 1200, 4, 3.2, 884
60, 1200, 4, 3.2, 710
60, 1200, 4, 3.2, 124
60, 1200, 4, 3.2, 100
60, 1200, 4, 3.2, 208
60, 1200, 4, 3.2, 182
60, 1200, 4, 12.8, 164
60, 1200, 4, 12.8, 948
60, 1200, 4, 12.8, 163
60, 1200, 4, 12.8, 389
60, 1200, 4, 12.8, 224
60, 1200, 4, 12.8, 137
60, 1200, 4, 12.8, 155
60, 1200, 4, 12.8, 105
60, 1200, 4, 12.8, 786
60, 1200, 4, 12.8, 317
60, 1200, 4, 12.8, 122
60, 1200, 4, 12.8, 1121
60, 1200, 4, 12.8, 141
60, 1200, 4, 12.8, 110
60, 1200, 4, 12.8, 103
60, 1200, 4, 12.8, 299
60, 1200, 4, 12.8, 226
60, 1200, 4, 12.8, 617
60, 1200, 4, 12.8, 235
60, 1200, 4, 12.8, 139
60, 1200, 4, 51.2, 104
60, 1200, 4, 51.2, 100
60, 1200, 4, 51.2, 96
60, 1200, 4, 51.2, 431
60, 1200, 4, 51.2, 116
60, 1200, 4, 51.2, 107
60, 1200, 4, 51.2, 142
60, 1200, 4, 51.2, 154
60, 1200, 4, 51.2, 771
60, 1200, 4, 51.2, 214
60, 1200, 4, 51.2, 359
60, 1200, 4, 51.2, 394
60, 1200, 4, 51.2, 239
60, 1200, 4, 51.2, 254
60, 1200, 4, 51.2, 510
60, 1200, 4, 51.2, 306
60, 1200, 4, 51.2, 125
60, 1200, 4, 51.2, 120
60, 1200, 4, 51.2, 309
60, 1200, 4, 51.2, 517
60, 1200, 4, 204.8, 557
60, 1200, 4, 204.8, 388
60, 1200, 4, 204.8, 131
60, 1200, 4, 204.8, 100
60, 1200, 4, 204.8, 124
60, 1200, 4, 204.8, 130
60, 1200, 4, 204.8, 121
60, 1200, 4, 204.8, 150
60, 1200, 4, 204.8, 420
60, 1200, 4, 204.8, 131
60, 1200, 4, 204.8, 275
60, 1200, 4, 204.8, 255
60, 1200, 4, 204.8, 184
60, 1200, 4, 204.8, 120
60, 1200, 4, 204.8, 116
60, 1200, 4, 204.8, 506
60, 1200, 4, 204.8, 521
60, 1200, 4, 204.8, 228
60, 1200, 4, 204.8, 161
60, 1200, 4, 204.8, 173
60, 1200, 4, 819.2, 158
60, 1200, 4, 819.2, 511
60, 1200, 4, 819.2, 229
60, 1200, 4, 819.2, 270
60, 1200, 4, 819.2, 114
60, 1200, 4, 819.2, 299
60, 1200, 4, 819.2, 193
60, 1200, 4, 819.2, 110
60, 1200, 4, 819.2, 213
60, 1200, 4, 819.2, 100
60, 1200, 4, 819.2, 114
60, 1200, 4, 819.2, 245
60, 1200, 4, 819.2, 216
60, 1200, 4, 819.2, 112
60, 1200, 4, 819.2, 179
60, 1200, 4, 819.2, 130
60, 1200, 4, 819.2, 99
60, 1200, 4, 819.2, 138
60, 1200, 4, 819.2, 153
60, 1200, 4, 819.2, 302
60, 1200, 3, 0.8, 132
60, 1200, 3, 0.8, 125
60, 1200, 3, 0.8, 432
60, 1200, 3, 0.8, 448
60, 1200, 3, 0.8, 329
60, 1200, 3, 0.8, 83
60, 1200, 3, 0.8, 153
60, 1200, 3, 0.8, 223
60, 1200, 3, 0.8, 111
60, 1200, 3, 0.8, 302
60, 1200, 3, 0.8, 389
60, 1200, 3, 0.8, 123
60, 1200, 3, 0.8, 101
60, 1200, 3, 0.8, 162
60, 1200, 3, 0.8, 175
60, 1200, 3, 0.8, 97
60, 1200, 3, 0.8, 89
60, 1200, 3, 0.8, 492
60, 1200, 3, 0.8, 140
60, 1200, 3, 0.8, 323
60, 1200, 3, 3.2, 466
60, 1200, 3, 3.2, 453
60, 1200, 3, 3.2, 221
60, 1200, 3, 3.2, 580
60, 1200, 3, 3.2, 83
60, 1200, 3, 3.2, 136
60, 1200, 3, 3.2, 98
60, 1200, 3, 3.2, 149
60, 1200, 3, 3.2, 110
60, 1200, 3, 3.2, 76
60, 1200, 3, 3.2, 135
60, 1200, 3, 3.2, 327
60, 1200, 3, 3.2, 484
60, 1200, 3, 3.2, 121
60, 1200, 3, 3.2, 118
60, 1200, 3, 3.2, 291
60, 1200, 3, 3.2, 90
60, 1200, 3, 3.2, 126
60, 1200, 3, 3.2, 82
60, 1200, 3, 3.2, 125
60, 1200, 3, 12.8, 162
60, 1200, 3, 12.8, 207
60, 1200, 3, 12.8, 143
60, 1200, 3, 12.8, 216
60, 1200, 3, 12.8, 110
60, 1200, 3, 12.8, 99
60, 1200, 3, 12.8, 79
60, 1200, 3, 12.8, 168
60, 1200, 3, 12.8, 99
60, 1200, 3, 12.8, 123
60, 1200, 3, 12.8, 118
60, 1200, 3, 12.8, 411
60, 1200, 3, 12.8, 342
60, 1200, 3, 12.8, 233
60, 1200, 3, 12.8, 150
60, 1200, 3, 12.8, 129
60, 1200, 3, 12.8, 140
60, 1200, 3, 12.8, 82
60, 1200, 3, 12.8, 109
60, 1200, 3, 12.8, 188
60, 1200, 3, 51.2, 309
60, 1200, 3, 51.2, 81
60, 1200, 3, 51.2, 276
60, 1200, 3, 51.2, 313
60, 1200, 3, 51.2, 233
60, 1200, 3, 51.2, 102
60, 1200, 3, 51.2, 201
60, 1200, 3, 51.2, 102
60, 1200, 3, 51.2, 178
60, 1200, 3, 51.2, 110
60, 1200, 3, 51.2, 100
60, 1200, 3, 51.2, 274
60, 1200, 3, 51.2, 157
60, 1200, 3, 51.2, 87
60, 1200, 3, 51.2, 122
60, 1200, 3, 51.2, 91
60, 1200, 3, 51.2, 77
60, 1200, 3, 51.2, 87
60, 1200, 3, 51.2, 117
60, 1200, 3, 51.2, 162
60, 1200, 3, 204.8, 161
60, 1200, 3, 204.8, 91
60, 1200, 3, 204.8, 199
60, 1200, 3, 204.8, 85
60, 1200, 3, 204.8, 281
60, 1200, 3, 204.8, 101
60, 1200, 3, 204.8, 96
60, 1200, 3, 204.8, 84
60, 1200, 3, 204.8, 236
60, 1200, 3, 204.8, 225
60, 1200, 3, 204.8, 185
60, 1200, 3, 204.8, 275
60, 1200, 3, 204.8, 75
60, 1200, 3, 204.8, 172
60, 1200, 3, 204.8, 96
60, 1200, 3, 204.8, 99
60, 1200, 3, 204.8, 198
60, 1200, 3, 204.8, 256
60, 1200, 3, 204.8, 165
60, 1200, 3, 204.8, 287
60, 1200, 3, 819.2, 191
60, 1200, 3, 819.2, 158
60, 1200, 3, 819.2, 103
60, 1200, 3, 819.2, 83
60, 1200, 3, 819.2, 257
60, 1200, 3, 819.2, 84
60, 1200, 3, 819.2, 116
60, 1200, 3, 819.2, 127
60, 1200, 3, 819.2, 113
60, 1200, 3, 819.2, 80
60, 1200, 3, 819.2, 149
60, 1200, 3, 819.2, 97
60, 1200, 3, 819.2, 235
60, 1200, 3, 819.2, 73
60, 1200, 3, 819.2, 78
60, 1200, 3, 819.2, 132
60, 1200, 3, 819.2, 106
60, 1200, 3, 819.2, 273
60, 1200, 3, 819.2, 143
60, 1200, 3, 819.2, 243
60, 1000, 8, 0.8, 172
60, 1000, 8, 0.8, 171
60, 1000, 8, 0.8, 163
60, 1000, 8, 0.8, 9982
60, 1000, 8, 0.8, 207
60, 1000, 8, 0.8, 2633
60, 1000, 8, 0.8, 162
60, 1000, 8, 0.8, 166
60, 1000, 8, 0.8, 480
60, 1000, 8, 0.8, 209
60, 1000, 8, 0.8, 1791
60, 1000, 8, 0.8, 306
60, 1000, 8, 0.8, 225
60, 1000, 8, 0.8, 190
60, 1000, 8, 0.8, 376
60, 1000, 8, 0.8, 302
60, 1000, 8, 0.8, 165
60, 1000, 8, 0.8, 3941
60, 1000, 8, 0.8, 241
60, 1000, 8, 0.8, 738
60, 1000, 8, 3.2, 18975
60, 1000, 8, 3.2, 318
60, 1000, 8, 3.2, 2690
60, 1000, 8, 3.2, 158
60, 1000, 8, 3.2, 159
60, 1000, 8, 3.2, 8149
60, 1000, 8, 3.2, 1855
60, 1000, 8, 3.2, 180
60, 1000, 8, 3.2, 3197
60, 1000, 8, 3.2, 170
60, 1000, 8, 3.2, 278
60, 1000, 8, 3.2, 38837
60, 1000, 8, 3.2, 173
60, 1000, 8, 3.2, 299
60, 1000, 8, 3.2, 193
60, 1000, 8, 3.2, 1263
60, 1000, 8, 3.2, 573
60, 1000, 8, 3.2, 243
60, 1000, 8, 3.2, 178
60, 1000, 8, 3.2, 171
60, 1000, 8, 12.8, 168
60, 1000, 8, 12.8, 2332
60, 1000, 8, 12.8, 246
60, 1000, 8, 12.8, 181
60, 1000, 8, 12.8, 567
60, 1000, 8, 12.8, 183
60, 1000, 8, 12.8, 2240
60, 1000, 8, 12.8, 1604
60, 1000, 8, 12.8, 258
60, 1000, 8, 12.8, 167
60, 1000, 8, 12.8, 482
60, 1000, 8, 12.8, 3614
60, 1000, 8, 12.8, 205
60, 1000, 8, 12.8, 174
60, 1000, 8, 12.8, 182
60, 1000, 8, 12.8, 472
60, 1000, 8, 12.8, 342
60, 1000, 8, 12.8, 266
60, 1000, 8, 12.8, 450
60, 1000, 8, 12.8, 274
60, 1000, 8, 51.2, 209
60, 1000, 8, 51.2, 321
60, 1000, 8, 51.2, 254
60, 1000, 8, 51.2, 178
60, 1000, 8, 51.2, 585
60, 1000, 8, 51.2, 269
60, 1000, 8, 51.2, 203
60, 1000, 8, 51.2, 169
60, 1000, 8, 51.2, 163
60, 1000, 8, 51.2, 611
60, 1000, 8, 51.2, 349
60, 1000, 8, 51.2, 172
60, 1000, 8, 51.2, 182
60, 1000, 8, 51.2, 196
60, 1000, 8, 51.2, 327
60, 1000, 8, 51.2, 1445
60, 1000, 8, 51.2, 523
60, 1000, 8, 51.2, 290
60, 1000, 8, 51.2, 439
60, 1000, 8, 51.2, 361
60, 1000, 8, 204.8, 357
60, 1000, 8, 204.8, 170
60, 1000, 8, 204.8, 202
60, 1000, 8, 204.8, 353
60, 1000, 8, 204.8, 288
60, 1000, 8, 204.8, 158
60, 1000, 8, 204.8, 212
60, 1000, 8, 204.8, 170
60, 1000, 8, 204.8, 196
60, 1000, 8, 204.8, 261
60, 1000, 8, 204.8, 1004
60, 1000, 8, 204.8, 176
60, 1000, 8, 204.8, 178
60, 1000, 8, 204.8, 179
60, 1000, 8, 204.8, 460
60, 1000, 8, 204.8, 1618
60, 1000, 8, 204.8, 1701
60, 1000, 8, 204.8, 200
60, 1000, 8, 204.8, 1024
60, 1000, 8, 204.8, 217
60, 1000, 8, 819.2, 172
60, 1000, 8, 819.2, 162
60, 1000, 8, 819.2, 234
60, 1000, 8, 819.2, 165
60, 1000, 8, 819.2, 497
60, 1000, 8, 819.2, 326
60, 1000, 8, 819.2, 242
60, 1000, 8, 819.2, 186
60, 1000, 8, 819.2, 161
60, 1000, 8, 819.2, 239
60, 1000, 8, 819.2, 242
60, 1000, 8, 819.2, 264
60, 1000, 8, 819.2, 238
60, 1000, 8, 819.2, 382
60, 1000, 8, 819.2, 175
60, 1000, 8, 819.2, 398
60, 1000, 8, 819.2, 608
60, 1000, 8, 819.2, 190
60, 1000, 8, 819.2, 628
60, 1000, 8, 819.2, 207
60, 1000, 7, 0.8, 6986
60, 1000, 7, 0.8, 166
60, 1000, 7, 0.8, 1269
60, 1000, 7, 0.8, 177
60, 1000, 7, 0.8, 139
60, 1000, 7, 0.8, 5774
60, 1000, 7, 0.8, 167
60, 1000, 7, 0.8, 189
60, 1000, 7, 0.8, 147
60, 1000, 7, 0.8, 168
60, 1000, 7, 0.8, 147
60, 1000, 7, 0.8, 210
60, 1000, 7, 0.8, 681
60, 1000, 7, 0.8, 19356
60, 1000, 7, 0.8, 10910
60, 1000, 7, 0.8, 220
60, 1000, 7, 0.8, 171
60, 1000, 7, 0.8, 485
60, 1000, 7, 0.8, 138
60, 1000, 7, 0.8, 5611
60, 1000, 7, 3.2, 3935
60, 1000, 7, 3.2, 4888
60, 1000, 7, 3.2, 143
60, 1000, 7, 3.2, 2840
60, 1000, 7, 3.2, 14600
60, 1000, 7, 3.2, 200
60, 1000, 7, 3.2, 212
60, 1000, 7, 3.2, 2757
60, 1000, 7, 3.2, 2223
60, 1000, 7, 3.2, 343
60, 1000, 7, 3.2, 4110
60, 1000, 7, 3.2, 148
60, 1000, 7, 3.2, 2289
60, 1000, 7, 3.2, 373
60, 1000, 7, 3.2, 291
60, 1000, 7, 3.2, 2307
60, 1000, 7, 3.2, 138
60, 1000, 7, 3.2, 155
60, 1000, 7, 3.2, 382
60, 1000, 7, 3.2, 494
60, 1000, 7, 12.8, 242
60, 1000, 7, 12.8, 2210
60, 1000, 7, 12.8, 154
60, 1000, 7, 12.8, 266
60, 1000, 7, 12.8, 1178
60, 1000, 7, 12.8, 813
60, 1000, 7, 12.8, 153
60, 1000, 7, 12.8, 168
60, 1000, 7, 12.8, 142
60, 1000, 7, 12.8, 277
60, 1000, 7, 12.8, 570
60, 1000, 7, 12.8, 699
60, 1000, 7, 12.8, 385
60, 1000, 7, 12.8, 2617
60, 1000, 7, 12.8, 361
60, 1000, 7, 12.8, 439
60, 1000, 7, 12.8, 746
60, 1000, 7, 12.8, 1102
60, 1000, 7, 12.8, 162
60, 1000, 7, 12.8, 139
60, 1000, 7, 51.2, 177
60, 1000, 7, 51.2, 142
60, 1000, 7, 51.2, 233
60, 1000, 7, 51.2, 184
60, 1000, 7, 51.2, 154
60, 1000, 7, 51.2, 218
60, 1000, 7, 51.2, 149
60, 1000, 7, 51.2, 240
60, 1000, 7, 51.2, 242
60, 1000, 7, 51.2, 185
60, 1000, 7, 51.2, 553
60, 1000, 7, 51.2, 584
60, 1000, 7, 51.2, 218
60, 1000, 7, 51.2, 2277
60, 1000, 7, 51.2, 153
60, 1000, 7, 51.2, 1651
60, 1000, 7, 51.2, 209
60, 1000, 7, 51.2, 733
60, 1000, 7, 51.2, 492
60, 1000, 7, 51.2, 1974
60, 1000, 7, 204.8, 165
60, 1000, 7, 204.8, 403
60, 1000, 7, 204.8, 370
60, 1000, 7, 204.8, 241
60, 1000, 7, 204.8, 693
60, 1000, 7, 204.8, 588
60, 1000, 7, 204.8, 880
60, 1000, 7, 204.8, 186
60, 1000, 7, 204.8, 448
60, 1000, 7, 204.8, 213
60, 1000, 7, 204.8, 142
60, 1000, 7, 204.8, 1121
60, 1000, 7, 204.8, 343
60, 1000, 7, 204.8, 264
60, 1000, 7, 204.8, 151
60, 1000, 7, 204.8, 387
60, 1000, 7, 204.8, 315
60, 1000, 7, 204.8, 147
60, 1000, 7, 204.8, 236
60, 1000, 7, 204.8, 247
60, 1000, 7, 819.2, 142
60, 1000, 7, 819.2, 142
60, 1000, 7, 819.2, 329
60, 1000, 7, 819.2, 161
60, 1000, 7, 819.2, 205
60, 1000, 7, 819.2, 145
60, 1000, 7, 819.2, 309
60, 1000, 7, 819.2, 172
60, 1000, 7, 819.2, 511
60, 1000, 7, 819.2, 338
60, 1000, 7, 819.2, 540
60, 1000, 7, 819.2, 187
60, 1000, 7, 819.2, 178
60, 1000, 7, 819.2, 189
60, 1000, 7, 819.2, 424
60, 1000, 7, 819.2, 288
60, 1000, 7, 819.2, 281
60, 1000, 7, 819.2, 548
60, 1000, 7, 819.2, 205
60, 1000, 7, 819.2, 246
60, 1000, 6, 0.8, 23235
60, 1000, 6, 0.8, 176
60, 1000, 6, 0.8, 666
60, 1000, 6, 0.8, 130
60, 1000, 6, 0.8, 1050
60, 1000, 6, 0.8, 139
60, 1000, 6, 0.8, 469
60, 1000, 6, 0.8, 23638
60, 1000, 6, 0.8, 361
60, 1000, 6, 0.8, 141
60, 1000, 6, 0.8, 552
60, 1000, 6, 0.8, 1904
60, 1000, 6, 0.8, 332
60, 1000, 6, 0.8, 3826
60, 1000, 6, 0.8, 172
60, 1000, 6, 0.8, 5775
60, 1000, 6, 0.8, 5688
60, 1000, 6, 0.8, 134
60, 1000, 6, 0.8, 5885
60, 1000, 6, 0.8, 204
60, 1000, 6, 3.2, 856
60, 1000, 6, 3.2, 241
60, 1000, 6, 3.2, 140
60, 1000, 6, 3.2, 129
60, 1000, 6, 3.2, 243
60, 1000, 6, 3.2, 138
60, 1000, 6, 3.2, 204
60, 1000, 6, 3.2, 2659
60, 1000, 6, 3.2, 146
60, 1000, 6, 3.2, 127
60, 1000, 6, 3.2, 499
60, 1000, 6, 3.2, 122
60, 1000, 6, 3.2, 628
60, 1000, 6, 3.2, 163
60, 1000, 6, 3.2, 6523
60, 1000, 6, 3.2, 125
60, 1000, 6, 3.2, 1543
60, 1000, 6, 3.2, 2462
60, 1000, 6, 3.2, 181
60, 1000, 6, 3.2, 127
60, 1000, 6, 12.8, 3167
60, 1000, 6, 12.8, 1863
60, 1000, 6, 12.8, 192
60, 1000, 6, 12.8, 128
60, 1000, 6, 12.8, 2133
60, 1000, 6, 12.8, 171
60, 1000, 6, 12.8, 202
60, 1000, 6, 12.8, 131
60, 1000, 6, 12.8, 2518
60, 1000, 6, 12.8, 244
60, 1000, 6, 12.8, 671
60, 1000, 6, 12.8, 1015
60, 1000, 6, 12.8, 232
60, 1000, 6, 12.8, 144
60, 1000, 6, 12.8, 153
60, 1000, 6, 12.8, 147
60, 1000, 6, 12.8, 129
60, 1000, 6, 12.8, 6612
60, 1000, 6, 12.8, 374
60, 1000, 6, 12.8, 179
60, 1000, 6, 51.2, 366
60, 1000, 6, 51.2, 554
60, 1000, 6, 51.2, 134
60, 1000, 6, 51.2, 984
60, 1000, 6, 51.2, 119
60, 1000, 6, 51.2, 871
60, 1000, 6, 51.2, 209
60, 1000, 6, 51.2, 748
60, 1000, 6, 51.2, 144
60, 1000, 6, 51.2, 614
60, 1000, 6, 51.2, 164
60, 1000, 6, 51.2, 174
60, 1000, 6, 51.2, 360
60, 1000, 6, 51.2, 319
60, 1000, 6, 51.2, 124
60, 1000, 6, 51.2, 964
60, 1000, 6, 51.2, 350
60, 1000, 6, 51.2, 642
60, 1000, 6, 51.2, 115
60, 1000, 6, 51.2, 236
60, 1000, 6, 204.8, 913
60, 1000, 6, 204.8, 202
60, 1000, 6, 204.8, 790
60, 1000, 6, 204.8, 541
60, 1000, 6, 204.8, 988
60, 1000, 6, 204.8, 131
60, 1000, 6, 204.8, 131
60, 1000, 6, 204.8, 896
60, 1000, 6, 204.8, 136
60, 1000, 6, 204.8, 337
60, 1000, 6, 204.8, 124
60, 1000, 6, 204.8, 306
60, 1000, 6, 204.8, 130
60, 1000, 6, 204.8, 178
60, 1000, 6, 204.8, 120
60, 1000, 6, 204.8, 354
60, 1000, 6, 204.8, 151
60, 1000, 6, 204.8, 141
60, 1000, 6, 204.8, 510
60, 1000, 6, 204.8, 168
60, 1000, 6, 819.2, 171
60, 1000, 6, 819.2, 137
60, 1000, 6, 819.2, 164
60, 1000, 6, 819.2, 125
60, 1000, 6, 819.2, 428
60, 1000, 6, 819.2, 201
60, 1000, 6, 819.2, 468
60, 1000, 6, 819.2, 158
60, 1000, 6, 819.2, 417
60, 1000, 6, 819.2, 264
60, 1000, 6, 819.2, 180
60, 1000, 6, 819.2, 420
60, 1000, 6, 819.2, 179
60, 1000, 6, 819.2, 168
60, 1000, 6, 819.2, 305
60, 1000, 6, 819.2, 650
60, 1000, 6, 819.2, 202
60, 1000, 6, 819.2, 177
60, 1000, 6, 819.2, 273
60, 1000, 6, 819.2, 179
60, 1000, 5, 0.8, 136
60, 1000, 5, 0.8, 113
60, 1000, 5, 0.8, 2166
60, 1000, 5, 0.8, 109
60, 1000, 5, 0.8, 412
60, 1000, 5, 0.8, 134
60, 1000, 5, 0.8, 100
60, 1000, 5, 0.8, 136
60, 1000, 5, 0.8, 311
60, 1000, 5, 0.8, 617
60, 1000, 5, 0.8, 190
60, 1000, 5, 0.8, 123
60, 1000, 5, 0.8, 115
60, 1000, 5, 0.8, 4849
60, 1000, 5, 0.8, 1343
60, 1000, 5, 0.8, 301
60, 1000, 5, 0.8, 971
60, 1000, 5, 0.8, 113
60, 1000, 5, 0.8, 148
60, 1000, 5, 0.8, 157
60, 1000, 5, 3.2, 523
60, 1000, 5, 3.2, 246
60, 1000, 5, 3.2, 2119
60, 1000, 5, 3.2, 103
60, 1000, 5, 3.2, 834
60, 1000, 5, 3.2, 114
60, 1000, 5, 3.2, 132
60, 1000, 5, 3.2, 4236
60, 1000, 5, 3.2, 166
60, 1000, 5, 3.2, 405
60, 1000, 5, 3.2, 124
60, 1000, 5, 3.2, 757
60, 1000, 5, 3.2, 113
60, 1000, 5, 3.2, 122
60, 1000, 5, 3.2, 182
60, 1000, 5, 3.2, 202
60, 1000, 5, 3.2, 139
60, 1000, 5, 3.2, 193
60, 1000, 5, 3.2, 162
60, 1000, 5, 3.2, 188
60, 1000, 5, 12.8, 188
60, 1000, 5, 12.8, 125
60, 1000, 5, 12.8, 112
60, 1000, 5, 12.8, 230
60, 1000, 5, 12.8, 321
60, 1000, 5, 12.8, 149
60, 1000, 5, 12.8, 437
60, 1000, 5, 12.8, 108
60, 1000, 5, 12.8, 246
60, 1000, 5, 12.8, 326
60, 1000, 5, 12.8, 115
60, 1000, 5, 12.8, 134
60, 1000, 5, 12.8, 881
60, 1000, 5, 12.8, 112
60, 1000, 5, 12.8, 191
60, 1000, 5, 12.8, 120
60, 1000, 5, 12.8, 315
60, 1000, 5, 12.8, 161
60, 1000, 5, 12.8, 107
60, 1000, 5, 12.8, 130
60, 1000, 5, 51.2, 126
60, 1000, 5, 51.2, 141
60, 1000, 5, 51.2, 104
60, 1000, 5, 51.2, 120
60, 1000, 5, 51.2, 180
60, 1000, 5, 51.2, 162
60, 1000, 5, 51.2, 129
60, 1000, 5, 51.2, 696
60, 1000, 5, 51.2, 1030
60, 1000, 5, 51.2, 827
60, 1000, 5, 51.2, 501
60, 1000, 5, 51.2, 177
60, 1000, 5, 51.2, 285
60, 1000, 5, 51.2, 461
60, 1000, 5, 51.2, 1236
60, 1000, 5, 51.2, 695
60, 1000, 5, 51.2, 125
60, 1000, 5, 51.2, 130
60, 1000, 5, 51.2, 99
60, 1000, 5, 51.2, 116
60, 1000, 5, 204.8, 166
60, 1000, 5, 204.8, 113
60, 1000, 5, 204.8, 101
60, 1000, 5, 204.8, 435
60, 1000, 5, 204.8, 103
60, 1000, 5, 204.8, 134
60, 1000, 5, 204.8, 130
60, 1000, 5, 204.8, 213
60, 1000, 5, 204.8, 435
60, 1000, 5, 204.8, 115
60, 1000, 5, 204.8, 132
60, 1000, 5, 204.8, 107
60, 1000, 5, 204.8, 113
60, 1000, 5, 204.8, 175
60, 1000, 5, 204.8, 144
60, 1000, 5, 204.8, 377
60, 1000, 5, 204.8, 155
60, 1000, 5, 204.8, 103
60, 1000, 5, 204.8, 284
60, 1000, 5, 204.8, 107
60, 1000, 5, 819.2, 132
60, 1000, 5, 819.2, 105
60, 1000, 5, 819.2, 491
60, 1000, 5, 819.2, 278
60, 1000, 5, 819.2, 160
60, 1000, 5, 819.2, 101
60, 1000, 5, 819.2, 110
60, 1000, 5, 819.2, 131
60, 1000, 5, 819.2, 159
60, 1000, 5, 819.2, 121
60, 1000, 5, 819.2, 136
60, 1000, 5, 819.2, 103
60, 1000, 5, 819.2, 148
60, 1000, 5, 819.2, 112
60, 1000, 5, 819.2, 97
60, 1000, 5, 819.2, 264
60, 1000, 5, 819.2, 293
60, 1000, 5, 819.2, 148
60, 1000, 5, 819.2, 177
60, 1000, 5, 819.2, 209
60, 1000, 4, 0.8, 234
60, 1000, 4, 0.8, 431
60, 1000, 4, 0.8, 154
60, 1000, 4, 0.8, 111
60, 1000, 4, 0.8, 109
60, 1000, 4, 0.8, 83
60, 1000, 4, 0.8, 235
60, 1000, 4, 0.8, 131
60, 1000, 4, 0.8, 82
60, 1000, 4, 0.8, 109
60, 1000, 4, 0.8, 92
60, 1000, 4, 0.8, 690
60, 1000, 4, 0.8, 89
60, 1000, 4, 0.8, 118
60, 1000, 4, 0.8, 108
60, 1000, 4, 0.8, 104
60, 1000, 4, 0.8, 139
60, 1000, 4, 0.8, 171
60, 1000, 4, 0.8, 124
60, 1000, 4, 0.8, 90
60, 1000, 4, 3.2, 97
60, 1000, 4, 3.2, 80
60, 1000, 4, 3.2, 93
60, 1000, 4, 3.2, 242
60, 1000, 4, 3.2, 103
60, 1000, 4, 3.2, 113
60, 1000, 4, 3.2, 297
60, 1000, 4, 3.2, 191
60, 1000, 4, 3.2, 106
60, 1000, 4, 3.2, 80
60, 1000, 4, 3.2, 261
60, 1000, 4, 3.2, 747
60, 1000, 4, 3.2, 572
60, 1000, 4, 3.2, 308
60, 1000, 4, 3.2, 792
60, 1000, 4, 3.2, 88
60, 1000, 4, 3.2, 84
60, 1000, 4, 3.2, 1059
60, 1000, 4, 3.2, 109
60, 1000, 4, 3.2, 120
60, 1000, 4, 12.8, 193
60, 1000, 4, 12.8, 196
60, 1000, 4, 12.8, 128
60, 1000, 4, 12.8, 235
60, 1000, 4, 12.8, 139
60, 1000, 4, 12.8, 94
60, 1000, 4, 12.8, 104
60, 1000, 4, 12.8, 96
60, 1000, 4, 12.8, 141
60, 1000, 4, 12.8, 97
60, 1000, 4, 12.8, 426
60, 1000, 4, 12.8, 96
60, 1000, 4, 12.8, 90
60, 1000, 4, 12.8, 115
60, 1000, 4, 12.8, 400
60, 1000, 4, 12.8, 208
60, 1000, 4, 12.8, 107
60, 1000, 4, 12.8, 498
60, 1000, 4, 12.8, 83
60, 1000, 4, 12.8, 155
60, 1000, 4, 51.2, 647
60, 1000, 4, 51.2, 464
60, 1000, 4, 51.2, 85
60, 1000, 4, 51.2, 403
60, 1000, 4, 51.2, 145
60, 1000, 4, 51.2, 511
60, 1000, 4, 51.2, 621
60, 1000, 4, 51.2, 404
60, 1000, 4, 51.2, 94
60, 1000, 4, 51.2, 92
60, 1000, 4, 51.2, 86
60, 1000, 4, 51.2, 86
60, 1000, 4, 51.2, 118
60, 1000, 4, 51.2, 386
60, 1000, 4, 51.2, 144
60, 1000, 4, 51.2, 191
60, 1000, 4, 51.2, 343
60, 1000, 4, 51.2, 178
60, 1000, 4, 51.2, 602
60, 1000, 4, 51.2, 375
60, 1000, 4, 204.8, 106
60, 1000, 4, 204.8, 94
60, 1000, 4, 204.8, 177
60, 1000, 4, 204.8, 171
60, 1000, 4, 204.8, 131
60, 1000, 4, 204.8, 129
60, 1000, 4, 204.8, 82
60, 1000, 4, 204.8, 79
60, 1000, 4, 204.8, 116
60, 1000, 4, 204.8, 79
60, 1000, 4, 204.8, 188
60, 1000, 4, 204.8, 128
60, 1000, 4, 204.8, 299
60, 1000, 4, 204.8, 299
60, 1000, 4, 204.8, 105
60, 1000, 4, 204.8, 112
60, 1000, 4, 204.8, 85
60, 1000, 4, 204.8, 158
60, 1000, 4, 204.8, 88
60, 1000, 4, 204.8, 148
60, 1000, 4, 819.2, 82
60, 1000, 4, 819.2, 76
60, 1000, 4, 819.2, 111
60, 1000, 4, 819.2, 297
60, 1000, 4, 819.2, 141
60, 1000, 4, 819.2, 119
60, 1000, 4, 819.2, 116
60, 1000, 4, 819.2, 82
60, 1000, 4, 819.2, 112
60, 1000, 4, 819.2, 176
60, 1000, 4, 819.2, 85
60, 1000, 4, 819.2, 208
60, 1000, 4, 819.2, 86
60, 1000, 4, 819.2, 147
60, 1000, 4, 819.2, 147
60, 1000, 4, 819.2, 249
60, 1000, 4, 819.2, 115
60, 1000, 4, 819.2, 93
60, 1000, 4, 819.2, 284
60, 1000, 4, 819.2, 217
60, 1000, 3, 0.8, 73
60, 1000, 3, 0.8, 122
60, 1000, 3, 0.8, 92
60, 1000, 3, 0.8, 224
60, 1000, 3, 0.8, 259
60, 1000, 3, 0.8, 89
60, 1000, 3, 0.8, 84
60, 1000, 3, 0.8, 156
60, 1000, 3, 0.8, 127
60, 1000, 3, 0.8, 65
60, 1000, 3, 0.8, 96
60, 1000, 3, 0.8, 220
60, 1000, 3, 0.8, 71
60, 1000, 3, 0.8, 203
60, 1000, 3, 0.8, 459
60, 1000, 3, 0.8, 413
60, 1000, 3, 0.8, 212
60, 1000, 3, 0.8, 87
60, 1000, 3, 0.8, 162
60, 1000, 3, 0.8, 114
60, 1000, 3, 3.2, 132
60, 1000, 3, 3.2, 63
60, 1000, 3, 3.2, 147
60, 1000, 3, 3.2, 374
60, 1000, 3, 3.2, 167
60, 1000, 3, 3.2, 89
60, 1000, 3, 3.2, 80
60, 1000, 3, 3.2, 169
60, 1000, 3, 3.2, 175
60, 1000, 3, 3.2, 155
60, 1000, 3, 3.2, 393
60, 1000, 3, 3.2, 304
60, 1000, 3, 3.2, 144
60, 1000, 3, 3.2, 387
60, 1000, 3, 3.2, 96
60, 1000, 3, 3.2, 432
60, 1000, 3, 3.2, 308
60, 1000, 3, 3.2, 77
60, 1000, 3, 3.2, 100
60, 1000, 3, 3.2, 82
60, 1000, 3, 12.8, 243
60, 1000, 3, 12.8, 72
60, 1000, 3, 12.8, 145
60, 1000, 3, 12.8, 268
60, 1000, 3, 12.8, 327
60, 1000, 3, 12.8, 95
60, 1000, 3, 12.8, 254
60, 1000, 3, 12.8, 201
60, 1000, 3, 12.8, 257
60, 1000, 3, 12.8, 103
60, 1000, 3, 12.8, 65
60, 1000, 3, 12.8, 98
60, 1000, 3, 12.8, 128
60, 1000, 3, 12.8, 159
60, 1000, 3, 12.8, 68
60, 1000, 3, 12.8, 63
60, 1000, 3, 12.8, 371
60, 1000, 3, 12.8, 132
60, 1000, 3, 12.8, 171
60, 1000, 3, 12.8, 68
60, 1000, 3, 51.2, 304
60, 1000, 3, 51.2, 294
60, 1000, 3, 51.2, 164
60, 1000, 3, 51.2, 63
60, 1000, 3, 51.2, 135
60, 1000, 3, 51.2, 150
60, 1000, 3, 51.2, 147
60, 1000, 3, 51.2, 73
60, 1000, 3, 51.2, 272
60, 1000, 3, 51.2, 208
60, 1000, 3, 51.2, 114
60, 1000, 3, 51.2, 78
60, 1000, 3, 51.2, 77
60, 1000, 3, 51.2, 85
60, 1000, 3, 51.2, 162
60, 1000, 3, 51.2, 95
60, 1000, 3, 51.2, 85
60, 1000, 3, 51.2, 72
60, 1000, 3, 51.2, 316
60, 1000, 3, 51.2, 201
60, 1000, 3, 204.8, 211
60, 1000, 3, 204.8, 219
60, 1000, 3, 204.8, 184
60, 1000, 3, 204.8, 92
60, 1000, 3, 204.8, 127
60, 1000, 3, 204.8, 151
60, 1000, 3, 204.8, 140
60, 1000, 3, 204.8, 70
60, 1000, 3, 204.8, 200
60, 1000, 3, 204.8, 84
60, 1000, 3, 204.8, 60
60, 1000, 3, 204.8, 79
60, 1000, 3, 204.8, 81
60, 1000, 3, 204.8, 68
60, 1000, 3, 204.8, 82
60, 1000, 3, 204.8, 221
60, 1000, 3, 204.8, 116
60, 1000, 3, 204.8, 59
60, 1000, 3, 204.8, 69
60, 1000, 3, 204.8, 71
60, 1000, 3, 819.2, 136
60, 1000, 3, 819.2, 219
60, 1000, 3, 819.2, 68
60, 1000, 3, 819.2, 83
60, 1000, 3, 819.2, 186
60, 1000, 3, 819.2, 185
60, 1000, 3, 819.2, 192
60, 1000, 3, 819.2, 223
60, 1000, 3, 819.2, 257
60, 1000, 3, 819.2, 156
60, 1000, 3, 819.2, 87
60, 1000, 3, 819.2, 94
60, 1000, 3, 819.2, 177
60, 1000, 3, 819.2, 144
60, 1000, 3, 819.2, 243
60, 1000, 3, 819.2, 92
60, 1000, 3, 819.2, 144
60, 1000, 3, 819.2, 144
60, 1000, 3, 819.2, 203
60, 1000, 3, 819.2, 121
60, 800, 8, 0.8, 1855
60, 800, 8, 0.8, 160
60, 800, 8, 0.8, 199
60, 800, 8, 0.8, 6134
60, 800, 8, 0.8, 163
60, 800, 8, 0.8, 4634
60, 800, 8, 0.8, 1058
60, 800, 8, 0.8, 135
60, 800, 8, 0.8, 137
60, 800, 8, 0.8, 133
60, 800, 8, 0.8, 1365
60, 800, 8, 0.8, 190
60, 800, 8, 0.8, 1321
60, 800, 8, 0.8, 357
60, 800, 8, 0.8, 891
60, 800, 8, 0.8, 1644
60, 800, 8, 0.8, 4239
60, 800, 8, 0.8, 2263
60, 800, 8, 0.8, 2981
60, 800, 8, 0.8, 250
60, 800, 8, 3.2, 248
60, 800, 8, 3.2, 2825
60, 800, 8, 3.2, 960
60, 800, 8, 3.2, 146
60, 800, 8, 3.2, 296
60, 800, 8, 3.2, 147
60, 800, 8, 3.2, 4000
60, 800, 8, 3.2, 127
60, 800, 8, 3.2, 163
60, 800, 8, 3.2, 635
60, 800, 8, 3.2, 140
60, 800, 8, 3.2, 2316
60, 800, 8, 3.2, 218
60, 800, 8, 3.2, 139
60, 800, 8, 3.2, 171
60, 800, 8, 3.2, 142
60, 800, 8, 3.2, 344
60, 800, 8, 3.2, 8696
60, 800, 8, 3.2, 2840
60, 800, 8, 3.2, 1652
60, 800, 8, 12.8, 1015
60, 800, 8, 12.8, 2398
60, 800, 8, 12.8, 2945
60, 800, 8, 12.8, 148
60, 800, 8, 12.8, 1540
60, 800, 8, 12.8, 236
60, 800, 8, 12.8, 230
60, 800, 8, 12.8, 3618
60, 800, 8, 12.8, 127
60, 800, 8, 12.8, 135
60, 800, 8, 12.8, 541
60, 800, 8, 12.8, 198
60, 800, 8, 12.8, 245
60, 800, 8, 12.8, 181
60, 800, 8, 12.8, 136
60, 800, 8, 12.8, 1518
60, 800, 8, 12.8, 567
60, 800, 8, 12.8, 147
60, 800, 8, 12.8, 173
60, 800, 8, 12.8, 206
60, 800, 8, 51.2, 467
60, 800, 8, 51.2, 148
60, 800, 8, 51.2, 167
60, 800, 8, 51.2, 1208
60, 800, 8, 51.2, 137
60, 800, 8, 51.2, 178
60, 800, 8, 51.2, 156
60, 800, 8, 51.2, 149
60, 800, 8, 51.2, 135
60, 800, 8, 51.2, 385
60, 800, 8, 51.2, 682
60, 800, 8, 51.2, 178
60, 800, 8, 51.2, 487
60, 800, 8, 51.2, 248
60, 800, 8, 51.2, 999
60, 800, 8, 51.2, 144
60, 800, 8, 51.2, 357
60, 800, 8, 51.2, 507
60, 800, 8, 51.2, 160
60, 800, 8, 51.2, 792
60, 800, 8, 204.8, 163
60, 800, 8, 204.8, 165
60, 800, 8, 204.8, 210
60, 800, 8, 204.8, 530
60, 800, 8, 204.8, 184
60, 800, 8, 204.8, 219
60, 800, 8, 204.8, 126
60, 800, 8, 204.8, 148
60, 800, 8, 204.8, 178
60, 800, 8, 204.8, 128
60, 800, 8, 204.8, 220
60, 800, 8, 204.8, 137
60, 800, 8, 204.8, 137
60, 800, 8, 204.8, 134
60, 800, 8, 204.8, 434
60, 800, 8, 204.8, 185
60, 800, 8, 204.8, 159
60, 800, 8, 204.8, 473
60, 800, 8, 204.8, 129
60, 800, 8, 204.8, 503
60, 800, 8, 819.2, 144
60, 800, 8, 819.2, 242
60, 800, 8, 819.2, 159
60, 800, 8, 819.2, 170
60, 800, 8, 819.2, 416
60, 800, 8, 819.2, 261
60, 800, 8, 819.2, 508
60, 800, 8, 819.2, 425
60, 800, 8, 819.2, 336
60, 800, 8, 819.2, 169
60, 800, 8, 819.2, 202
60, 800, 8, 819.2, 362
60, 800, 8, 819.2, 134
60, 800, 8, 819.2, 284
60, 800, 8, 819.2, 253
60, 800, 8, 819.2, 197
60, 800, 8, 819.2, 195
60, 800, 8, 819.2, 146
60, 800, 8, 819.2, 170
60, 800, 8, 819.2, 165
60, 800, 7, 0.8, 9139
60, 800, 7, 0.8, 117
60, 800, 7, 0.8, 118
60, 800, 7, 0.8, 592
60, 800, 7, 0.8, 124
60, 800, 7, 0.8, 556
60, 800, 7, 0.8, 133
60, 800, 7, 0.8, 412
60, 800, 7, 0.8, 299
60, 800, 7, 0.8, 156
60, 800, 7, 0.8, 146
60, 800, 7, 0.8, 43288
60, 800, 7, 0.8, 136
60, 800, 7, 0.8, 175
60, 800, 7, 0.8, 376
60, 800, 7, 0.8, 230
60, 800, 7, 0.8, 5943
60, 800, 7, 0.8, 1160
60, 800, 7, 0.8, 497
60, 800, 7, 0.8, 9719
60, 800, 7, 3.2, 191
60, 800, 7, 3.2, 954
60, 800, 7, 3.2, 118
60, 800, 7, 3.2, 167
60, 800, 7, 3.2, 128
60, 800, 7, 3.2, 116
60, 800, 7, 3.2, 126
60, 800, 7, 3.2, 1394
60, 800, 7, 3.2, 123
60, 800, 7, 3.2, 118
60, 800, 7, 3.2, 1469
60, 800, 7, 3.2, 2362
60, 800, 7, 3.2, 2273
60, 800, 7, 3.2, 130
60, 800, 7, 3.2, 1118
60, 800, 7, 3.2, 116
60, 800, 7, 3.2, 145
60, 800, 7, 3.2, 1051
60, 800, 7, 3.2, 253
60, 800, 7, 3.2, 145
60, 800, 7, 12.8, 121
60, 800, 7, 12.8, 446
60, 800, 7, 12.8, 233
60, 800, 7, 12.8, 1565
60, 800, 7, 12.8, 538
60, 800, 7, 12.8, 1313
60, 800, 7, 12.8, 111
60, 800, 7, 12.8, 362
60, 800, 7, 12.8, 122
60, 800, 7, 12.8, 401
60, 800, 7, 12.8, 3178
60, 800, 7, 12.8, 211
60, 800, 7, 12.8, 123
60, 800, 7, 12.8, 129
60, 800, 7, 12.8, 471
60, 800, 7, 12.8, 290
60, 800, 7, 12.8, 379
60, 800, 7, 12.8, 190
60, 800, 7, 12.8, 2056
60, 800, 7, 12.8, 133
60, 800, 7, 51.2, 118
60, 800, 7, 51.2, 314
60, 800, 7, 51.2, 959
60, 800, 7, 51.2, 128
60, 800, 7, 51.2, 521
60, 800, 7, 51.2, 124
60, 800, 7, 51.2, 309
60, 800, 7, 51.2, 163
60, 800, 7, 51.2, 118
60, 800, 7, 51.2, 219
60, 800, 7, 51.2, 443
60, 800, 7, 51.2, 1014
60, 800, 7, 51.2, 108
60, 800, 7, 51.2, 523
60, 800, 7, 51.2, 148
60, 800, 7, 51.2, 443
60, 800, 7, 51.2, 239
60, 800, 7, 51.2, 160
60, 800, 7, 51.2, 128
60, 800, 7, 51.2, 119
60, 800, 7, 204.8, 128
60, 800, 7, 204.8, 173
60, 800, 7, 204.8, 314
60, 800, 7, 204.8, 178
60, 800, 7, 204.8, 256
60, 800, 7, 204.8, 127
60, 800, 7, 204.8, 350
60, 800, 7, 204.8, 126
60, 800, 7, 204.8, 141
60, 800, 7, 204.8, 121
60, 800, 7, 204.8, 110
60, 800, 7, 204.8, 128
60, 800, 7, 204.8, 448
60, 800, 7, 204.8, 170
60, 800, 7, 204.8, 191
60, 800, 7, 204.8, 216
60, 800, 7, 204.8, 1119
60, 800, 7, 204.8, 136
60, 800, 7, 204.8, 127
60, 800, 7, 204.8, 241
60, 800, 7, 819.2, 372
60, 800, 7, 819.2, 175
60, 800, 7, 819.2, 247
60, 800, 7, 819.2, 110
60, 800, 7, 819.2, 130
60, 800, 7, 819.2, 202
60, 800, 7, 819.2, 345
60, 800, 7, 819.2, 117
60, 800, 7, 819.2, 138
60, 800, 7, 819.2, 156
60, 800, 7, 819.2, 207
60, 800, 7, 819.2, 162
60, 800, 7, 819.2, 343
60, 800, 7, 819.2, 211
60, 800, 7, 819.2, 112
60, 800, 7, 819.2, 198
60, 800, 7, 819.2, 223
60, 800, 7, 819.2, 118
60, 800, 7, 819.2, 158
60, 800, 7, 819.2, 378
60, 800, 6, 0.8, 428
60, 800, 6, 0.8, 132
60, 800, 6, 0.8, 1206
60, 800, 6, 0.8, 100
60, 800, 6, 0.8, 105
60, 800, 6, 0.8, 3336
60, 800, 6, 0.8, 224
60, 800, 6, 0.8, 1489
60, 800, 6, 0.8, 678
60, 800, 6, 0.8, 164
60, 800, 6, 0.8, 114
60, 800, 6, 0.8, 124
60, 800, 6, 0.8, 192
60, 800, 6, 0.8, 121
60, 800, 6, 0.8, 12598
60, 800, 6, 0.8, 126
60, 800, 6, 0.8, 1722
60, 800, 6, 0.8, 606
60, 800, 6, 0.8, 679
60, 800, 6, 0.8, 362
60, 800, 6, 3.2, 113
60, 800, 6, 3.2, 628
60, 800, 6, 3.2, 145
60, 800, 6, 3.2, 110
60, 800, 6, 3.2, 119
60, 800, 6, 3.2, 115
60, 800, 6, 3.2, 2590
60, 800, 6, 3.2, 101
60, 800, 6, 3.2, 147
60, 800, 6, 3.2, 143
60, 800, 6, 3.2, 103
60, 800, 6, 3.2, 634
60, 800, 6, 3.2, 108
60, 800, 6, 3.2, 109
60, 800, 6, 3.2, 123
60, 800, 6, 3.2, 143
60, 800, 6, 3.2, 115
60, 800, 6, 3.2, 502
60, 800, 6, 3.2, 98
60, 800, 6, 3.2, 239
60, 800, 6, 12.8, 133
60, 800, 6, 12.8, 236
60, 800, 6, 12.8, 119
60, 800, 6, 12.8, 107
60, 800, 6, 12.8, 240
60, 800, 6, 12.8, 308
60, 800, 6, 12.8, 155
60, 800, 6, 12.8, 121
60, 800, 6, 12.8, 160
60, 800, 6, 12.8, 114
60, 800, 6, 12.8, 95
60, 800, 6, 12.8, 203
60, 800, 6, 12.8, 257
60, 800, 6, 12.8, 122
60, 800, 6, 12.8, 172
60, 800, 6, 12.8, 240
60, 800, 6, 12.8, 148
60, 800, 6, 12.8, 127
60, 800, 6, 12.8, 783
60, 800, 6, 12.8, 283
60, 800, 6, 51.2, 346
60, 800, 6, 51.2, 131
60, 800, 6, 51.2, 421
60, 800, 6, 51.2, 1563
60, 800, 6, 51.2, 272
60, 800, 6, 51.2, 185
60, 800, 6, 51.2, 173
60, 800, 6, 51.2, 105
60, 800, 6, 51.2, 403
60, 800, 6, 51.2, 262
60, 800, 6, 51.2, 138
60, 800, 6, 51.2, 123
60, 800, 6, 51.2, 391
60, 800, 6, 51.2, 97
60, 800, 6, 51.2, 283
60, 800, 6, 51.2, 713
60, 800, 6, 51.2, 131
60, 800, 6, 51.2, 174
60, 800, 6, 51.2, 301
60, 800, 6, 51.2, 403
60, 800, 6, 204.8, 121
60, 800, 6, 204.8, 94
60, 800, 6, 204.8, 113
60, 800, 6, 204.8, 105
60, 800, 6, 204.8, 113
60, 800, 6, 204.8, 382
60, 800, 6, 204.8, 286
60, 800, 6, 204.8, 115
60, 800, 6, 204.8, 657
60, 800, 6, 204.8, 181
60, 800, 6, 204.8, 299
60, 800, 6, 204.8, 186
60, 800, 6, 204.8, 174
60, 800, 6, 204.8, 518
60, 800, 6, 204.8, 132
60, 800, 6, 204.8, 578
60, 800, 6, 204.8, 103
60, 800, 6, 204.8, 219
60, 800, 6, 204.8, 141
60, 800, 6, 204.8, 105
60, 800, 6, 819.2, 171
60, 800, 6, 819.2, 187
60, 800, 6, 819.2, 207
60, 800, 6, 819.2, 138
60, 800, 6, 819.2, 134
60, 800, 6, 819.2, 109
60, 800, 6, 819.2, 191
60, 800, 6, 819.2, 95
60, 800, 6, 819.2, 303
60, 800, 6, 819.2, 113
60, 800, 6, 819.2, 345
60, 800, 6, 819.2, 107
60, 800, 6, 819.2, 108
60, 800, 6, 819.2, 367
60, 800, 6, 819.2, 197
60, 800, 6, 819.2, 133
60, 800, 6, 819.2, 143
60, 800, 6, 819.2, 99
60, 800, 6, 819.2, 137
60, 800, 6, 819.2, 99
60, 800, 5, 0.8, 675
60, 800, 5, 0.8, 139
60, 800, 5, 0.8, 115
60, 800, 5, 0.8, 856
60, 800, 5, 0.8, 167
60, 800, 5, 0.8, 133
60, 800, 5, 0.8, 137
60, 800, 5, 0.8, 102
60, 800, 5, 0.8, 104
60, 800, 5, 0.8, 88
60, 800, 5, 0.8, 257
60, 800, 5, 0.8, 148
60, 800, 5, 0.8, 390
60, 800, 5, 0.8, 85
60, 800, 5, 0.8, 84
60, 800, 5, 0.8, 110
60, 800, 5, 0.8, 91
60, 800, 5, 0.8, 127
60, 800, 5, 0.8, 97
60, 800, 5, 0.8, 3440
60, 800, 5, 3.2, 205
60, 800, 5, 3.2, 1029
60, 800, 5, 3.2, 88
60, 800, 5, 3.2, 90
60, 800, 5, 3.2, 2233
60, 800, 5, 3.2, 86
60, 800, 5, 3.2, 111
60, 800, 5, 3.2, 109
60, 800, 5, 3.2, 338
60, 800, 5, 3.2, 127
60, 800, 5, 3.2, 113
60, 800, 5, 3.2, 147
60, 800, 5, 3.2, 90
60, 800, 5, 3.2, 199
60, 800, 5, 3.2, 96
60, 800, 5, 3.2, 117
60, 800, 5, 3.2, 89
60, 800, 5, 3.2, 78
60, 800, 5, 3.2, 147
60, 800, 5, 3.2, 1658
60, 800, 5, 12.8, 103
60, 800, 5, 12.8, 415
60, 800, 5, 12.8, 85
60, 800, 5, 12.8, 310
60, 800, 5, 12.8, 183
60, 800, 5, 12.8, 142
60, 800, 5, 12.8, 324
60, 800, 5, 12.8, 368
60, 800, 5, 12.8, 98
60, 800, 5, 12.8, 119
60, 800, 5, 12.8, 105
60, 800, 5, 12.8, 355
60, 800, 5, 12.8, 146
60, 800, 5, 12.8, 109
60, 800, 5, 12.8, 107
60, 800, 5, 12.8, 115
60, 800, 5, 12.8, 83
60, 800, 5, 12.8, 100
60, 800, 5, 12.8, 85
60, 800, 5, 12.8, 150
60, 800, 5, 51.2, 101
60, 800, 5, 51.2, 180
60, 800, 5, 51.2, 79
60, 800, 5, 51.2, 390
60, 800, 5, 51.2, 113
60, 800, 5, 51.2, 365
60, 800, 5, 51.2, 399
60, 800, 5, 51.2, 149
60, 800, 5, 51.2, 277
60, 800, 5, 51.2, 102
60, 800, 5, 51.2, 371
60, 800, 5, 51.2, 328
60, 800, 5, 51.2, 83
60, 800, 5, 51.2, 267
60, 800, 5, 51.2, 174
60, 800, 5, 51.2, 144
60, 800, 5, 51.2, 118
60, 800, 5, 51.2, 428
60, 800, 5, 51.2, 115
60, 800, 5, 51.2, 120
60, 800, 5, 204.8, 276
60, 800, 5, 204.8, 108
60, 800, 5, 204.8, 217
60, 800, 5, 204.8, 83
60, 800, 5, 204.8, 307
60, 800, 5, 204.8, 92
60, 800, 5, 204.8, 449
60, 800, 5, 204.8, 153
60, 800, 5, 204.8, 82
60, 800, 5, 204.8, 89
60, 800, 5, 204.8, 93
60, 800, 5, 204.8, 226
60, 800, 5, 204.8, 235
60, 800, 5, 204.8, 109
60, 800, 5, 204.8, 328
60, 800, 5, 204.8, 94
60, 800, 5, 204.8, 139
60, 800, 5, 204.8, 336
60, 800, 5, 204.8, 168
60, 800, 5, 204.8, 114
60, 800, 5, 819.2, 192
60, 800, 5, 819.2, 87
60, 800, 5, 819.2, 182
60, 800, 5, 819.2, 121
60, 800, 5, 819.2, 310
60, 800, 5, 819.2, 83
60, 800, 5, 819.2, 85
60, 800, 5, 819.2, 115
60, 800, 5, 819.2, 157
60, 800, 5, 819.2, 174
60, 800, 5, 819.2, 152
60, 800, 5, 819.2, 255
60, 800, 5, 819.2, 198
60, 800, 5, 819.2, 398
60, 800, 5, 819.2, 151
60, 800, 5, 819.2, 123
60, 800, 5, 819.2, 167
60, 800, 5, 819.2, 79
60, 800, 5, 819.2, 108
60, 800, 5, 819.2, 187
60, 800, 4, 0.8, 401
60, 800, 4, 0.8, 69
60, 800, 4, 0.8, 563
60, 800, 4, 0.8, 93
60, 800, 4, 0.8, 70
60, 800, 4, 0.8, 79
60, 800, 4, 0.8, 94
60, 800, 4, 0.8, 94
60, 800, 4, 0.8, 70
60, 800, 4, 0.8, 498
60, 800, 4, 0.8, 265
60, 800, 4, 0.8, 71
60, 800, 4, 0.8, 263
60, 800, 4, 0.8, 102
60, 800, 4, 0.8, 76
60, 800, 4, 0.8, 71
60, 800, 4, 0.8, 71
60, 800, 4, 0.8, 117
60, 800, 4, 0.8, 89
60, 800, 4, 0.8, 116
60, 800, 4, 3.2, 159
60, 800, 4, 3.2, 64
60, 800, 4, 3.2, 144
60, 800, 4, 3.2, 581
60, 800, 4, 3.2, 245
60, 800, 4, 3.2, 78
60, 800, 4, 3.2, 531
60, 800, 4, 3.2, 374
60, 800, 4, 3.2, 510
60, 800, 4, 3.2, 67
60, 800, 4, 3.2, 169
60, 800, 4, 3.2, 88
60, 800, 4, 3.2, 63
60, 800, 4, 3.2, 87
60, 800, 4, 3.2, 74
60, 800, 4, 3.2, 90
60, 800, 4, 3.2, 88
60, 800, 4, 3.2, 283
60, 800, 4, 3.2, 89
60, 800, 4, 3.2, 216
60, 800, 4, 12.8, 70
60, 800, 4, 12.8, 222
60, 800, 4, 12.8, 75
60, 800, 4, 12.8, 122
60, 800, 4, 12.8, 95
60, 800, 4, 12.8, 197
60, 800, 4, 12.8, 85
60, 800, 4, 12.8, 473
60, 800, 4, 12.8, 68
60, 800, 4, 12.8, 238
60, 800, 4, 12.8, 99
60, 800, 4, 12.8, 399
60, 800, 4, 12.8, 84
60, 800, 4, 12.8, 65
60, 800, 4, 12.8, 75
60, 800, 4, 12.8, 528
60, 800, 4, 12.8, 79
60, 800, 4, 12.8, 102
60, 800, 4, 12.8, 184
60, 800, 4, 12.8, 110
60, 800, 4, 51.2, 75
60, 800, 4, 51.2, 70
60, 800, 4, 51.2, 393
60, 800, 4, 51.2, 133
60, 800, 4, 51.2, 274
60, 800, 4, 51.2, 149
60, 800, 4, 51.2, 86
60, 800, 4, 51.2, 68
60, 800, 4, 51.2, 85
60, 800, 4, 51.2, 514
60, 800, 4, 51.2, 82
60, 800, 4, 51.2, 378
60, 800, 4, 51.2, 78
60, 800, 4, 51.2, 94
60, 800, 4, 51.2, 124
60, 800, 4, 51.2, 181
60, 800, 4, 51.2, 69
60, 800, 4, 51.2, 98
60, 800, 4, 51.2, 119
60, 800, 4, 51.2, 90
60, 800, 4, 204.8, 101
60, 800, 4, 204.8, 383
60, 800, 4, 204.8, 103
60, 800, 4, 204.8, 117
60, 800, 4, 204.8, 84
60, 800, 4, 204.8, 121
60, 800, 4, 204.8, 206
60, 800, 4, 204.8, 71
60, 800, 4, 204.8, 81
60, 800, 4, 204.8, 123
60, 800, 4, 204.8, 171
60, 800, 4, 204.8, 120
60, 800, 4, 204.8, 154
60, 800, 4, 204.8, 101
60, 800, 4, 204.8, 96
60, 800, 4, 204.8, 111
60, 800, 4, 204.8, 81
60, 800, 4, 204.8, 192
60, 800, 4, 204.8, 154
60, 800, 4, 204.8, 124
60, 800, 4, 819.2, 81
60, 800, 4, 819.2, 107
60, 800, 4, 819.2, 79
60, 800, 4, 819.2, 71
60, 800, 4, 819.2, 180
60, 800, 4, 819.2, 68
60, 800, 4, 819.2, 190
60, 800, 4, 819.2, 91
60, 800, 4, 819.2, 167
60, 800, 4, 819.2, 95
60, 800, 4, 819.2, 66
60, 800, 4, 819.2, 237
60, 800, 4, 819.2, 78
60, 800, 4, 819.2, 85
60, 800, 4, 819.2, 104
60, 800, 4, 819.2, 125
60, 800, 4, 819.2, 149
60, 800, 4, 819.2, 196
60, 800, 4, 819.2, 100
60, 800, 4, 819.2, 83
60, 800, 3, 0.8, 141
60, 800, 3, 0.8, 286
60, 800, 3, 0.8, 64
60, 800, 3, 0.8, 106
60, 800, 3, 0.8, 59
60, 800, 3, 0.8, 95
60, 800, 3, 0.8, 55
60, 800, 3, 0.8, 54
60, 800, 3, 0.8, 252
60, 800, 3, 0.8, 68
60, 800, 3, 0.8, 287
60, 800, 3, 0.8, 56
60, 800, 3, 0.8, 82
60, 800, 3, 0.8, 87
60, 800, 3, 0.8, 282
60, 800, 3, 0.8, 364
60, 800, 3, 0.8, 67
60, 800, 3, 0.8, 66
60, 800, 3, 0.8, 224
60, 800, 3, 0.8, 75
60, 800, 3, 3.2, 54
60, 800, 3, 3.2, 83
60, 800, 3, 3.2, 48
60, 800, 3, 3.2, 58
60, 800, 3, 3.2, 75
60, 800, 3, 3.2, 87
60, 800, 3, 3.2, 59
60, 800, 3, 3.2, 81
60, 800, 3, 3.2, 106
60, 800, 3, 3.2, 52
60, 800, 3, 3.2, 99
60, 800, 3, 3.2, 67
60, 800, 3, 3.2, 144
60, 800, 3, 3.2, 63
60, 800, 3, 3.2, 238
60, 800, 3, 3.2, 283
60, 800, 3, 3.2, 57
60, 800, 3, 3.2, 151
60, 800, 3, 3.2, 122
60, 800, 3, 3.2, 63
60, 800, 3, 12.8, 62
60, 800, 3, 12.8, 59
60, 800, 3, 12.8, 110
60, 800, 3, 12.8, 189
60, 800, 3, 12.8, 170
60, 800, 3, 12.8, 64
60, 800, 3, 12.8, 57
60, 800, 3, 12.8, 239
60, 800, 3, 12.8, 109
60, 800, 3, 12.8, 53
60, 800, 3, 12.8, 47
60, 800, 3, 12.8, 144
60, 800, 3, 12.8, 210
60, 800, 3, 12.8, 72
60, 800, 3, 12.8, 135
60, 800, 3, 12.8, 105
60, 800, 3, 12.8, 72
60, 800, 3, 12.8, 54
60, 800, 3, 12.8, 72
60, 800, 3, 12.8, 55
60, 800, 3, 51.2, 65
60, 800, 3, 51.2, 175
60, 800, 3, 51.2, 98
60, 800, 3, 51.2, 151
60, 800, 3, 51.2, 66
60, 800, 3, 51.2, 233
60, 800, 3, 51.2, 98
60, 800, 3, 51.2, 115
60, 800, 3, 51.2, 89
60, 800, 3, 51.2, 102
60, 800, 3, 51.2, 120
60, 800, 3, 51.2, 65
60, 800, 3, 51.2, 64
60, 800, 3, 51.2, 60
60, 800, 3, 51.2, 54
60, 800, 3, 51.2, 231
60, 800, 3, 51.2, 214
60, 800, 3, 51.2, 93
60, 800, 3, 51.2, 102
60, 800, 3, 51.2, 75
60, 800, 3, 204.8, 105
60, 800, 3, 204.8, 46
60, 800, 3, 204.8, 48
60, 800, 3, 204.8, 81
60, 800, 3, 204.8, 80
60, 800, 3, 204.8, 54
60, 800, 3, 204.8, 128
60, 800, 3, 204.8, 141
60, 800, 3, 204.8, 82
60, 800, 3, 204.8, 79
60, 800, 3, 204.8, 62
60, 800, 3, 204.8, 168
60, 800, 3, 204.8, 67
60, 800, 3, 204.8, 81
60, 800, 3, 204.8, 55
60, 800, 3, 204.8, 207
60, 800, 3, 204.8, 106
60, 800, 3, 204.8, 68
60, 800, 3, 204.8, 168
60, 800, 3, 204.8, 70
60, 800, 3, 819.2, 60
60, 800, 3, 819.2, 62
60, 800, 3, 819.2, 61
60, 800, 3, 819.2, 144
60, 800, 3, 819.2, 63
60, 800, 3, 819.2, 163
60, 800, 3, 819.2, 77
60, 800, 3, 819.2, 58
60, 800, 3, 819.2, 86
60, 800, 3, 819.2, 79
60, 800, 3, 819.2, 83
60, 800, 3, 819.2, 57
60, 800, 3, 819.2, 67
60, 800, 3, 819.2, 104
60, 800, 3, 819.2, 52
60, 800, 3, 819.2, 94
60, 800, 3, 819.2, 45
60, 800, 3, 819.2, 64
60, 800, 3, 819.2, 61
60, 800, 3, 819.2, 113
60, 600, 8, 0.8, 741
60, 600, 8, 0.8, 151
60, 600, 8, 0.8, 100
60, 600, 8, 0.8, 1138
60, 600, 8, 0.8, 1014
60, 600, 8, 0.8, 1313
60, 600, 8, 0.8, 272
60, 600, 8, 0.8, 107
60, 600, 8, 0.8, 3397
60, 600, 8, 0.8, 97
60, 600, 8, 0.8, 111
60, 600, 8, 0.8, 3415
60, 600, 8, 0.8, 116
60, 600, 8, 0.8, 105
60, 600, 8, 0.8, 188
60, 600, 8, 0.8, 176
60, 600, 8, 0.8, 178
60, 600, 8, 0.8, 150
60, 600, 8, 0.8, 757
60, 600, 8, 0.8, 3149
60, 600, 8, 3.2, 140
60, 600, 8, 3.2, 2388
60, 600, 8, 3.2, 98
60, 600, 8, 3.2, 225
60, 600, 8, 3.2, 104
60, 600, 8, 3.2, 2163
60, 600, 8, 3.2, 100
60, 600, 8, 3.2, 104
60, 600, 8, 3.2, 413
60, 600, 8, 3.2, 7570
60, 600, 8, 3.2, 103
60, 600, 8, 3.2, 283
60, 600, 8, 3.2, 247
60, 600, 8, 3.2, 719
60, 600, 8, 3.2, 97
60, 600, 8, 3.2, 495
60, 600, 8, 3.2, 174
60, 600, 8, 3.2, 889
60, 600, 8, 3.2, 102
60, 600, 8, 3.2, 124
60, 600, 8, 12.8, 433
60, 600, 8, 12.8, 105
60, 600, 8, 12.8, 106
60, 600, 8, 12.8, 582
60, 600, 8, 12.8, 100
60, 600, 8, 12.8, 336
60, 600, 8, 12.8, 117
60, 600, 8, 12.8, 97
60, 600, 8, 12.8, 232
60, 600, 8, 12.8, 575
60, 600, 8, 12.8, 99
60, 600, 8, 12.8, 103
60, 600, 8, 12.8, 794
60, 600, 8, 12.8, 111
60, 600, 8, 12.8, 567
60, 600, 8, 12.8, 121
60, 600, 8, 12.8, 223
60, 600, 8, 12.8, 99
60, 600, 8, 12.8, 109
60, 600, 8, 12.8, 127
60, 600, 8, 51.2, 199
60, 600, 8, 51.2, 186
60, 600, 8, 51.2, 355
60, 600, 8, 51.2, 491
60, 600, 8, 51.2, 432
60, 600, 8, 51.2, 216
60, 600, 8, 51.2, 463
60, 600, 8, 51.2, 101
60, 600, 8, 51.2, 103
60, 600, 8, 51.2, 127
60, 600, 8, 51.2, 277
60, 600, 8, 51.2, 539
60, 600, 8, 51.2, 457
60, 600, 8, 51.2, 97
60, 600, 8, 51.2, 148
60, 600, 8, 51.2, 170
60, 600, 8, 51.2, 158
60, 600, 8, 51.2, 738
60, 600, 8, 51.2, 242
60, 600, 8, 51.2, 196
60, 600, 8, 204.8, 106
60, 600, 8, 204.8, 202
60, 600, 8, 204.8, 121
60, 600, 8, 204.8, 615
60, 600, 8, 204.8, 204
60, 600, 8, 204.8, 123
60, 600, 8, 204.8, 117
60, 600, 8, 204.8, 105
60, 600, 8, 204.8, 137
60, 600, 8, 204.8, 133
60, 600, 8, 204.8, 105
60, 600, 8, 204.8, 92
60, 600, 8, 204.8, 152
60, 600, 8, 204.8, 104
60, 600, 8, 204.8, 105
60, 600, 8, 204.8, 328
60, 600, 8, 204.8, 104
60, 600, 8, 204.8, 318
60, 600, 8, 204.8, 105
60, 600, 8, 204.8, 558
60, 600, 8, 819.2, 94
60, 600, 8, 819.2, 143
60, 600, 8, 819.2, 108
60, 600, 8, 819.2, 255
60, 600, 8, 819.2, 104
60, 600, 8, 819.2, 123
60, 600, 8, 819.2, 136
60, 600, 8, 819.2, 185
60, 600, 8, 819.2, 169
60, 600, 8, 819.2, 129
60, 600, 8, 819.2, 166
60, 600, 8, 819.2, 208
60, 600, 8, 819.2, 137
60, 600, 8, 819.2, 100
60, 600, 8, 819.2, 94
60, 600, 8, 819.2, 99
60, 600, 8, 819.2, 129
60, 600, 8, 819.2, 100
60, 600, 8, 819.2, 327
60, 600, 8, 819.2, 167
60, 600, 7, 0.8, 474
60, 600, 7, 0.8, 388
60, 600, 7, 0.8, 2700
60, 600, 7, 0.8, 116
60, 600, 7, 0.8, 1659
60, 600, 7, 0.8, 3738
60, 600, 7, 0.8, 942
60, 600, 7, 0.8, 2031
60, 600, 7, 0.8, 88
60, 600, 7, 0.8, 89
60, 600, 7, 0.8, 358
60, 600, 7, 0.8, 88
60, 600, 7, 0.8, 1569
60, 600, 7, 0.8, 100
60, 600, 7, 0.8, 853
60, 600, 7, 0.8, 90
60, 600, 7, 0.8, 1845
60, 600, 7, 0.8, 83
60, 600, 7, 0.8, 120
60, 600, 7, 0.8, 304
60, 600, 7, 3.2, 282
60, 600, 7, 3.2, 526
60, 600, 7, 3.2, 89
60, 600, 7, 3.2, 81
60, 600, 7, 3.2, 322
60, 600, 7, 3.2, 83
60, 600, 7, 3.2, 446
60, 600, 7, 3.2, 119
60, 600, 7, 3.2, 4281
60, 600, 7, 3.2, 106
60, 600, 7, 3.2, 95
60, 600, 7, 3.2, 1191
60, 600, 7, 3.2, 87
60, 600, 7, 3.2, 93
60, 600, 7, 3.2, 112
60, 600, 7, 3.2, 253
60, 600, 7, 3.2, 262
60, 600, 7, 3.2, 475
60, 600, 7, 3.2, 89
60, 600, 7, 3.2, 136
60, 600, 7, 12.8, 111
60, 600, 7, 12.8, 127
60, 600, 7, 12.8, 125
60, 600, 7, 12.8, 110
60, 600, 7, 12.8, 147
60, 600, 7, 12.8, 108
60, 600, 7, 12.8, 502
60, 600, 7, 12.8, 587
60, 600, 7, 12.8, 81
60, 600, 7, 12.8, 1128
60, 600, 7, 12.8, 218
60, 600, 7, 12.8, 103
60, 600, 7, 12.8, 119
60, 600, 7, 12.8, 174
60, 600, 7, 12.8, 132
60, 600, 7, 12.8, 115
60, 600, 7, 12.8, 96
60, 600, 7, 12.8, 608
60, 600, 7, 12.8, 110
60, 600, 7, 12.8, 354
60, 600, 7, 51.2, 85
60, 600, 7, 51.2, 312
60, 600, 7, 51.2, 261
60, 600, 7, 51.2, 108
60, 600, 7, 51.2, 94
60, 600, 7, 51.2, 93
60, 600, 7, 51.2, 193
60, 600, 7, 51.2, 144
60, 600, 7, 51.2, 105
60, 600, 7, 51.2, 153
60, 600, 7, 51.2, 84
60, 600, 7, 51.2, 101
60, 600, 7, 51.2, 134
60, 600, 7, 51.2, 141
60, 600, 7, 51.2, 102
60, 600, 7, 51.2, 112
60, 600, 7, 51.2, 350
60, 600, 7, 51.2, 135
60, 600, 7, 51.2, 101
60, 600, 7, 51.2, 86
60, 600, 7, 204.8, 219
60, 600, 7, 204.8, 99
60, 600, 7, 204.8, 133
60, 600, 7, 204.8, 172
60, 600, 7, 204.8, 110
60, 600, 7, 204.8, 197
60, 600, 7, 204.8, 229
60, 600, 7, 204.8, 213
60, 600, 7, 204.8, 232
60, 600, 7, 204.8, 129
60, 600, 7, 204.8, 233
60, 600, 7, 204.8, 243
60, 600, 7, 204.8, 98
60, 600, 7, 204.8, 91
60, 600, 7, 204.8, 283
60, 600, 7, 204.8, 84
60, 600, 7, 204.8, 263
60, 600, 7, 204.8, 93
60, 600, 7, 204.8, 121
60, 600, 7, 204.8, 148
60, 600, 7, 819.2, 201
60, 600, 7, 819.2, 215
60, 600, 7, 819.2, 81
60, 600, 7, 819.2, 100
60, 600, 7, 819.2, 159
60, 600, 7, 819.2, 186
60, 600, 7, 819.2, 90
60, 600, 7, 819.2, 100
60, 600, 7, 819.2, 219
60, 600, 7, 819.2, 155
60, 600, 7, 819.2, 99
60, 600, 7, 819.2, 88
60, 600, 7, 819.2, 98
60, 600, 7, 819.2, 276
60, 600, 7, 819.2, 89
60, 600, 7, 819.2, 83
60, 600, 7, 819.2, 105
60, 600, 7, 819.2, 319
60, 600, 7, 819.2, 237
60, 600, 7, 819.2, 104
60, 600, 6, 0.8, 79
60, 600, 6, 0.8, 85
60, 600, 6, 0.8, 782
60, 600, 6, 0.8, 1391
60, 600, 6, 0.8, 82
60, 600, 6, 0.8, 1271
60, 600, 6, 0.8, 76
60, 600, 6, 0.8, 88
60, 600, 6, 0.8, 104
60, 600, 6, 0.8, 775
60, 600, 6, 0.8, 236
60, 600, 6, 0.8, 3602
60, 600, 6, 0.8, 160
60, 600, 6, 0.8, 76
60, 600, 6, 0.8, 225
60, 600, 6, 0.8, 98
60, 600, 6, 0.8, 110
60, 600, 6, 0.8, 711
60, 600, 6, 0.8, 108
60, 600, 6, 0.8, 125
60, 600, 6, 3.2, 123
60, 600, 6, 3.2, 83
60, 600, 6, 3.2, 75
60, 600, 6, 3.2, 109
60, 600, 6, 3.2, 1126
60, 600, 6, 3.2, 87
60, 600, 6, 3.2, 90
60, 600, 6, 3.2, 621
60, 600, 6, 3.2, 83
60, 600, 6, 3.2, 273
60, 600, 6, 3.2, 127
60, 600, 6, 3.2, 86
60, 600, 6, 3.2, 244
60, 600, 6, 3.2, 167
60, 600, 6, 3.2, 74
60, 600, 6, 3.2, 131
60, 600, 6, 3.2, 626
60, 600, 6, 3.2, 165
60, 600, 6, 3.2, 76
60, 600, 6, 3.2, 456
60, 600, 6, 12.8, 95
60, 600, 6, 12.8, 312
60, 600, 6, 12.8, 91
60, 600, 6, 12.8, 83
60, 600, 6, 12.8, 145
60, 600, 6, 12.8, 630
60, 600, 6, 12.8, 598
60, 600, 6, 12.8, 165
60, 600, 6, 12.8, 99
60, 600, 6, 12.8, 374
60, 600, 6, 12.8, 75
60, 600, 6, 12.8, 83
60, 600, 6, 12.8, 90
60, 600, 6, 12.8, 248
60, 600, 6, 12.8, 75
60, 600, 6, 12.8, 95
60, 600, 6, 12.8, 89
60, 600, 6, 12.8, 73
60, 600, 6, 12.8, 83
60, 600, 6, 12.8, 96
60, 600, 6, 51.2, 103
60, 600, 6, 51.2, 82
60, 600, 6, 51.2, 134
60, 600, 6, 51.2, 194
60, 600, 6, 51.2, 456
60, 600, 6, 51.2, 89
60, 600, 6, 51.2, 95
60, 600, 6, 51.2, 249
60, 600, 6, 51.2, 76
60, 600, 6, 51.2, 90
60, 600, 6, 51.2, 99
60, 600, 6, 51.2, 84
60, 600, 6, 51.2, 161
60, 600, 6, 51.2, 286
60, 600, 6, 51.2, 470
60, 600, 6, 51.2, 85
60, 600, 6, 51.2, 207
60, 600, 6, 51.2, 74
60, 600, 6, 51.2, 151
60, 600, 6, 51.2, 76
60, 600, 6, 204.8, 76
60, 600, 6, 204.8, 123
60, 600, 6, 204.8, 70
60, 600, 6, 204.8, 254
60, 600, 6, 204.8, 85
60, 600, 6, 204.8, 78
60, 600, 6, 204.8, 92
60, 600, 6, 204.8, 118
60, 600, 6, 204.8, 103
60, 600, 6, 204.8, 159
60, 600, 6, 204.8, 137
60, 600, 6, 204.8, 245
60, 600, 6, 204.8, 92
60, 600, 6, 204.8, 158
60, 600, 6, 204.8, 131
60, 600, 6, 204.8, 393
60, 600, 6, 204.8, 236
60, 600, 6, 204.8, 182
60, 600, 6, 204.8, 233
60, 600, 6, 204.8, 79
60, 600, 6, 819.2, 86
60, 600, 6, 819.2, 92
60, 600, 6, 819.2, 87
60, 600, 6, 819.2, 121
60, 600, 6, 819.2, 227
60, 600, 6, 819.2, 70
60, 600, 6, 819.2, 107
60, 600, 6, 819.2, 76
60, 600, 6, 819.2, 156
60, 600, 6, 819.2, 203
60, 600, 6, 819.2, 87
60, 600, 6, 819.2, 172
60, 600, 6, 819.2, 80
60, 600, 6, 819.2, 175
60, 600, 6, 819.2, 261
60, 600, 6, 819.2, 85
60, 600, 6, 819.2, 95
60, 600, 6, 819.2, 86
60, 600, 6, 819.2, 113
60, 600, 6, 819.2, 125
60, 600, 5, 0.8, 123
60, 600, 5, 0.8, 88
60, 600, 5, 0.8, 56
60, 600, 5, 0.8, 77
60, 600, 5, 0.8, 299
60, 600, 5, 0.8, 548
60, 600, 5, 0.8, 89
60, 600, 5, 0.8, 330
60, 600, 5, 0.8, 159
60, 600, 5, 0.8, 93
60, 600, 5, 0.8, 171
60, 600, 5, 0.8, 1151
60, 600, 5, 0.8, 112
60, 600, 5, 0.8, 86
60, 600, 5, 0.8, 167
60, 600, 5, 0.8, 861
60, 600, 5, 0.8, 65
60, 600, 5, 0.8, 72
60, 600, 5, 0.8, 90
60, 600, 5, 0.8, 79
60, 600, 5, 3.2, 422
60, 600, 5, 3.2, 85
60, 600, 5, 3.2, 253
60, 600, 5, 3.2, 100
60, 600, 5, 3.2, 101
60, 600, 5, 3.2, 127
60, 600, 5, 3.2, 630
60, 600, 5, 3.2, 99
60, 600, 5, 3.2, 78
60, 600, 5, 3.2, 128
60, 600, 5, 3.2, 118
60, 600, 5, 3.2, 110
60, 600, 5, 3.2, 64
60, 600, 5, 3.2, 78
60, 600, 5, 3.2, 74
60, 600, 5, 3.2, 498
60, 600, 5, 3.2, 87
60, 600, 5, 3.2, 145
60, 600, 5, 3.2, 70
60, 600, 5, 3.2, 86
60, 600, 5, 12.8, 447
60, 600, 5, 12.8, 445
60, 600, 5, 12.8, 268
60, 600, 5, 12.8, 133
60, 600, 5, 12.8, 83
60, 600, 5, 12.8, 172
60, 600, 5, 12.8, 107
60, 600, 5, 12.8, 158
60, 600, 5, 12.8, 57
60, 600, 5, 12.8, 94
60, 600, 5, 12.8, 88
60, 600, 5, 12.8, 118
60, 600, 5, 12.8, 64
60, 600, 5, 12.8, 682
60, 600, 5, 12.8, 346
60, 600, 5, 12.8, 216
60, 600, 5, 12.8, 104
60, 600, 5, 12.8, 303
60, 600, 5, 12.8, 86
60, 600, 5, 12.8, 426
60, 600, 5, 51.2, 123
60, 600, 5, 51.2, 165
60, 600, 5, 51.2, 65
60, 600, 5, 51.2, 241
60, 600, 5, 51.2, 77
60, 600, 5, 51.2, 84
60, 600, 5, 51.2, 73
60, 600, 5, 51.2, 440
60, 600, 5, 51.2, 67
60, 600, 5, 51.2, 58
60, 600, 5, 51.2, 132
60, 600, 5, 51.2, 513
60, 600, 5, 51.2, 325
60, 600, 5, 51.2, 74
60, 600, 5, 51.2, 63
60, 600, 5, 51.2, 80
60, 600, 5, 51.2, 79
60, 600, 5, 51.2, 184
60, 600, 5, 51.2, 97
60, 600, 5, 51.2, 162
60, 600, 5, 204.8, 209
60, 600, 5, 204.8, 65
60, 600, 5, 204.8, 86
60, 600, 5, 204.8, 63
60, 600, 5, 204.8, 61
60, 600, 5, 204.8, 100
60, 600, 5, 204.8, 68
60, 600, 5, 204.8, 185
60, 600, 5, 204.8, 207
60, 600, 5, 204.8, 59
60, 600, 5, 204.8, 81
60, 600, 5, 204.8, 72
60, 600, 5, 204.8, 69
60, 600, 5, 204.8, 276
60, 600, 5, 204.8, 97
60, 600, 5, 204.8, 87
60, 600, 5, 204.8, 65
60, 600, 5, 204.8, 119
60, 600, 5, 204.8, 175
60, 600, 5, 204.8, 93
60, 600, 5, 819.2, 209
60, 600, 5, 819.2, 86
60, 600, 5, 819.2, 128
60, 600, 5, 819.2, 121
60, 600, 5, 819.2, 89
60, 600, 5, 819.2, 60
60, 600, 5, 819.2, 95
60, 600, 5, 819.2, 77
60, 600, 5, 819.2, 61
60, 600, 5, 819.2, 121
60, 600, 5, 819.2, 75
60, 600, 5, 819.2, 62
60, 600, 5, 819.2, 156
60, 600, 5, 819.2, 96
60, 600, 5, 819.2, 210
60, 600, 5, 819.2, 200
60, 600, 5, 819.2, 192
60, 600, 5, 819.2, 59
60, 600, 5, 819.2, 148
60, 600, 5, 819.2, 88
60, 600, 4, 0.8, 144
60, 600, 4, 0.8, 85
60, 600, 4, 0.8, 297
60, 600, 4, 0.8, 60
60, 600, 4, 0.8, 201
60, 600, 4, 0.8, 342
60, 600, 4, 0.8, 504
60, 600, 4, 0.8, 91
60, 600, 4, 0.8, 58
60, 600, 4, 0.8, 90
60, 600, 4, 0.8, 152
60, 600, 4, 0.8, 53
60, 600, 4, 0.8, 51
60, 600, 4, 0.8, 181
60, 600, 4, 0.8, 53
60, 600, 4, 0.8, 479
60, 600, 4, 0.8, 81
60, 600, 4, 0.8, 50
60, 600, 4, 0.8, 192
60, 600, 4, 0.8, 56
60, 600, 4, 3.2, 60
60, 600, 4, 3.2, 103
60, 600, 4, 3.2, 143
60, 600, 4, 3.2, 70
60, 600, 4, 3.2, 56
60, 600, 4, 3.2, 109
60, 600, 4, 3.2, 69
60, 600, 4, 3.2, 216
60, 600, 4, 3.2, 352
60, 600, 4, 3.2, 89
60, 600, 4, 3.2, 335
60, 600, 4, 3.2, 115
60, 600, 4, 3.2, 172
60, 600, 4, 3.2, 83
60, 600, 4, 3.2, 83
60, 600, 4, 3.2, 272
60, 600, 4, 3.2, 55
60, 600, 4, 3.2, 65
60, 600, 4, 3.2, 84
60, 600, 4, 3.2, 168
60, 600, 4, 12.8, 100
60, 600, 4, 12.8, 51
60, 600, 4, 12.8, 60
60, 600, 4, 12.8, 259
60, 600, 4, 12.8, 51
60, 600, 4, 12.8, 103
60, 600, 4, 12.8, 277
60, 600, 4, 12.8, 161
60, 600, 4, 12.8, 133
60, 600, 4, 12.8, 448
60, 600, 4, 12.8, 144
60, 600, 4, 12.8, 199
60, 600, 4, 12.8, 234
60, 600, 4, 12.8, 68
60, 600, 4, 12.8, 86
60, 600, 4, 12.8, 62
60, 600, 4, 12.8, 174
60, 600, 4, 12.8, 50
60, 600, 4, 12.8, 333
60, 600, 4, 12.8, 52
60, 600, 4, 51.2, 48
60, 600, 4, 51.2, 51
60, 600, 4, 51.2, 78
60, 600, 4, 51.2, 51
60, 600, 4, 51.2, 189
60, 600, 4, 51.2, 70
60, 600, 4, 51.2, 60
60, 600, 4, 51.2, 147
60, 600, 4, 51.2, 68
60, 600, 4, 51.2, 74
60, 600, 4, 51.2, 88
60, 600, 4, 51.2, 47
60, 600, 4, 51.2, 55
60, 600, 4, 51.2, 140
60, 600, 4, 51.2, 123
60, 600, 4, 51.2, 57
60, 600, 4, 51.2, 154
60, 600, 4, 51.2, 140
60, 600, 4, 51.2, 198
60, 600, 4, 51.2, 72
60, 600, 4, 204.8, 65
60, 600, 4, 204.8, 275
60, 600, 4, 204.8, 54
60, 600, 4, 204.8, 50
60, 600, 4, 204.8, 92
60, 600, 4, 204.8, 53
60, 600, 4, 204.8, 222
60, 600, 4, 204.8, 205
60, 600, 4, 204.8, 67
60, 600, 4, 204.8, 72
60, 600, 4, 204.8, 87
60, 600, 4, 204.8, 157
60, 600, 4, 204.8, 119
60, 600, 4, 204.8, 216
60, 600, 4, 204.8, 46
60, 600, 4, 204.8, 61
60, 600, 4, 204.8, 51
60, 600, 4, 204.8, 124
60, 600, 4, 204.8, 91
60, 600, 4, 204.8, 55
60, 600, 4, 819.2, 53
60, 600, 4, 819.2, 57
60, 600, 4, 819.2, 67
60, 600, 4, 819.2, 54
60, 600, 4, 819.2, 55
60, 600, 4, 819.2, 134
60, 600, 4, 819.2, 64
60, 600, 4, 819.2, 59
60, 600, 4, 819.2, 79
60, 600, 4, 819.2, 60
60, 600, 4, 819.2, 97
60, 600, 4, 819.2, 55
60, 600, 4, 819.2, 57
60, 600, 4, 819.2, 67
60, 600, 4, 819.2, 126
60, 600, 4, 819.2, 55
60, 600, 4, 819.2, 51
60, 600, 4, 819.2, 51
60, 600, 4, 819.2, 95
60, 600, 4, 819.2, 63
60, 600, 3, 0.8, 92
60, 600, 3, 0.8, 98
60, 600, 3, 0.8, 55
60, 600, 3, 0.8, 49
60, 600, 3, 0.8, 60
60, 600, 3, 0.8, 84
60, 600, 3, 0.8, 74
60, 600, 3, 0.8, 80
60, 600, 3, 0.8, 114
60, 600, 3, 0.8, 59
60, 600, 3, 0.8, 51
60, 600, 3, 0.8, 35
60, 600, 3, 0.8, 90
60, 600, 3, 0.8, 103
60, 600, 3, 0.8, 105
60, 600, 3, 0.8, 135
60, 600, 3, 0.8, 79
60, 600, 3, 0.8, 142
60, 600, 3, 0.8, 57
60, 600, 3, 0.8, 104
60, 600, 3, 3.2, 53
60, 600, 3, 3.2, 39
60, 600, 3, 3.2, 53
60, 600, 3, 3.2, 51
60, 600, 3, 3.2, 42
60, 600, 3, 3.2, 63
60, 600, 3, 3.2, 57
60, 600, 3, 3.2, 86
60, 600, 3, 3.2, 137
60, 600, 3, 3.2, 65
60, 600, 3, 3.2, 76
60, 600, 3, 3.2, 51
60, 600, 3, 3.2, 107
60, 600, 3, 3.2, 43
60, 600, 3, 3.2, 36
60, 600, 3, 3.2, 59
60, 600, 3, 3.2, 43
60, 600, 3, 3.2, 42
60, 600, 3, 3.2, 85
60, 600, 3, 3.2, 88
60, 600, 3, 12.8, 53
60, 600, 3, 12.8, 80
60, 600, 3, 12.8, 101
60, 600, 3, 12.8, 202
60, 600, 3, 12.8, 69
60, 600, 3, 12.8, 40
60, 600, 3, 12.8, 62
60, 600, 3, 12.8, 67
60, 600, 3, 12.8, 85
60, 600, 3, 12.8, 104
60, 600, 3, 12.8, 36
60, 600, 3, 12.8, 57
60, 600, 3, 12.8, 63
60, 600, 3, 12.8, 114
60, 600, 3, 12.8, 42
60, 600, 3, 12.8, 87
60, 600, 3, 12.8, 40
60, 600, 3, 12.8, 48
60, 600, 3, 12.8, 47
60, 600, 3, 12.8, 79
60, 600, 3, 51.2, 141
60, 600, 3, 51.2, 47
60, 600, 3, 51.2, 87
60, 600, 3, 51.2, 47
60, 600, 3, 51.2, 106
60, 600, 3, 51.2, 187
60, 600, 3, 51.2, 92
60, 600, 3, 51.2, 70
60, 600, 3, 51.2, 54
60, 600, 3, 51.2, 68
60, 600, 3, 51.2, 41
60, 600, 3, 51.2, 209
60, 600, 3, 51.2, 41
60, 600, 3, 51.2, 50
60, 600, 3, 51.2, 101
60, 600, 3, 51.2, 42
60, 600, 3, 51.2, 179
60, 600, 3, 51.2, 61
60, 600, 3, 51.2, 45
60, 600, 3, 51.2, 83
60, 600, 3, 204.8, 130
60, 600, 3, 204.8, 39
60, 600, 3, 204.8, 59
60, 600, 3, 204.8, 114
60, 600, 3, 204.8, 126
60, 600, 3, 204.8, 38
60, 600, 3, 204.8, 145
60, 600, 3, 204.8, 50
60, 600, 3, 204.8, 43
60, 600, 3, 204.8, 52
60, 600, 3, 204.8, 60
60, 600, 3, 204.8, 99
60, 600, 3, 204.8, 44
60, 600, 3, 204.8, 36
60, 600, 3, 204.8, 40
60, 600, 3, 204.8, 55
60, 600, 3, 204.8, 134
60, 600, 3, 204.8, 88
60, 600, 3, 204.8, 100
60, 600, 3, 204.8, 58
60, 600, 3, 819.2, 75
60, 600, 3, 819.2, 130
60, 600, 3, 819.2, 47
60, 600, 3, 819.2, 102
60, 600, 3, 819.2, 59
60, 600, 3, 819.2, 94
60, 600, 3, 819.2, 114
60, 600, 3, 819.2, 115
60, 600, 3, 819.2, 91
60, 600, 3, 819.2, 42
60, 600, 3, 819.2, 47
60, 600, 3, 819.2, 119
60, 600, 3, 819.2, 55
60, 600, 3, 819.2, 49
60, 600, 3, 819.2, 56
60, 600, 3, 819.2, 49
60, 600, 3, 819.2, 56
60, 600, 3, 819.2, 54
60, 600, 3, 819.2, 71
60, 600, 3, 819.2, 44
60, 400, 8, 0.8, 64
60, 400, 8, 0.8, 77
60, 400, 8, 0.8, 85
60, 400, 8, 0.8, 66
60, 400, 8, 0.8, 84
60, 400, 8, 0.8, 70
60, 400, 8, 0.8, 67
60, 400, 8, 0.8, 71
60, 400, 8, 0.8, 127
60, 400, 8, 0.8, 63
60, 400, 8, 0.8, 102
60, 400, 8, 0.8, 103
60, 400, 8, 0.8, 79
60, 400, 8, 0.8, 705
60, 400, 8, 0.8, 74
60, 400, 8, 0.8, 96
60, 400, 8, 0.8, 99
60, 400, 8, 0.8, 5939
60, 400, 8, 0.8, 68
60, 400, 8, 0.8, 504
60, 400, 8, 3.2, 70
60, 400, 8, 3.2, 87
60, 400, 8, 3.2, 205
60, 400, 8, 3.2, 409
60, 400, 8, 3.2, 135
60, 400, 8, 3.2, 67
60, 400, 8, 3.2, 74
60, 400, 8, 3.2, 397
60, 400, 8, 3.2, 88
60, 400, 8, 3.2, 132
60, 400, 8, 3.2, 404
60, 400, 8, 3.2, 80
60, 400, 8, 3.2, 554
60, 400, 8, 3.2, 596
60, 400, 8, 3.2, 96
60, 400, 8, 3.2, 91
60, 400, 8, 3.2, 90
60, 400, 8, 3.2, 63
60, 400, 8, 3.2, 158
60, 400, 8, 3.2, 247
60, 400, 8, 12.8, 72
60, 400, 8, 12.8, 66
60, 400, 8, 12.8, 149
60, 400, 8, 12.8, 70
60, 400, 8, 12.8, 200
60, 400, 8, 12.8, 61
60, 400, 8, 12.8, 480
60, 400, 8, 12.8, 319
60, 400, 8, 12.8, 155
60, 400, 8, 12.8, 65
60, 400, 8, 12.8, 93
60, 400, 8, 12.8, 84
60, 400, 8, 12.8, 71
60, 400, 8, 12.8, 62
60, 400, 8, 12.8, 68
60, 400, 8, 12.8, 63
60, 400, 8, 12.8, 207
60, 400, 8, 12.8, 62
60, 400, 8, 12.8, 68
60, 400, 8, 12.8, 76
60, 400, 8, 51.2, 77
60, 400, 8, 51.2, 68
60, 400, 8, 51.2, 95
60, 400, 8, 51.2, 240
60, 400, 8, 51.2, 85
60, 400, 8, 51.2, 86
60, 400, 8, 51.2, 213
60, 400, 8, 51.2, 67
60, 400, 8, 51.2, 81
60, 400, 8, 51.2, 62
60, 400, 8, 51.2, 94
60, 400, 8, 51.2, 140
60, 400, 8, 51.2, 96
60, 400, 8, 51.2, 262
60, 400, 8, 51.2, 90
60, 400, 8, 51.2, 157
60, 400, 8, 51.2, 148
60, 400, 8, 51.2, 74
60, 400, 8, 51.2, 88
60, 400, 8, 51.2, 90
60, 400, 8, 204.8, 102
60, 400, 8, 204.8, 78
60, 400, 8, 204.8, 70
60, 400, 8, 204.8, 74
60, 400, 8, 204.8, 124
60, 400, 8, 204.8, 74
60, 400, 8, 204.8, 147
60, 400, 8, 204.8, 70
60, 400, 8, 204.8, 81
60, 400, 8, 204.8, 66
60, 400, 8, 204.8, 168
60, 400, 8, 204.8, 68
60, 400, 8, 204.8, 77
60, 400, 8, 204.8, 69
60, 400, 8, 204.8, 84
60, 400, 8, 204.8, 116
60, 400, 8, 204.8, 109
60, 400, 8, 204.8, 64
60, 400, 8, 204.8, 67
60, 400, 8, 204.8, 69
60, 400, 8, 819.2, 67
60, 400, 8, 819.2, 78
60, 400, 8, 819.2, 126
60, 400, 8, 819.2, 210
60, 400, 8, 819.2, 139
60, 400, 8, 819.2, 69
60, 400, 8, 819.2, 137
60, 400, 8, 819.2, 71
60, 400, 8, 819.2, 126
60, 400, 8, 819.2, 79
60, 400, 8, 819.2, 76
60, 400, 8, 819.2, 107
60, 400, 8, 819.2, 88
60, 400, 8, 819.2, 73
60, 400, 8, 819.2, 210
60, 400, 8, 819.2, 64
60, 400, 8, 819.2, 95
60, 400, 8, 819.2, 71
60, 400, 8, 819.2, 90
60, 400, 8, 819.2, 78
60, 400, 7, 0.8, 691
60, 400, 7, 0.8, 71
60, 400, 7, 0.8, 60
60, 400, 7, 0.8, 71
60, 400, 7, 0.8, 54
60, 400, 7, 0.8, 803
60, 400, 7, 0.8, 69
60, 400, 7, 0.8, 1574
60, 400, 7, 0.8, 101
60, 400, 7, 0.8, 1348
60, 400, 7, 0.8, 59
60, 400, 7, 0.8, 58
60, 400, 7, 0.8, 1391
60, 400, 7, 0.8, 56
60, 400, 7, 0.8, 76
60, 400, 7, 0.8, 447
60, 400, 7, 0.8, 62
60, 400, 7, 0.8, 87
60, 400, 7, 0.8, 85
60, 400, 7, 0.8, 85
60, 400, 7, 3.2, 975
60, 400, 7, 3.2, 64
60, 400, 7, 3.2, 55
60, 400, 7, 3.2, 97
60, 400, 7, 3.2, 383
60, 400, 7, 3.2, 386
60, 400, 7, 3.2, 59
60, 400, 7, 3.2, 153
60, 400, 7, 3.2, 98
60, 400, 7, 3.2, 727
60, 400, 7, 3.2, 303
60, 400, 7, 3.2, 387
60, 400, 7, 3.2, 139
60, 400, 7, 3.2, 136
60, 400, 7, 3.2, 188
60, 400, 7, 3.2, 57
60, 400, 7, 3.2, 147
60, 400, 7, 3.2, 295
60, 400, 7, 3.2, 64
60, 400, 7, 3.2, 71
60, 400, 7, 12.8, 51
60, 400, 7, 12.8, 69
60, 400, 7, 12.8, 528
60, 400, 7, 12.8, 60
60, 400, 7, 12.8, 111
60, 400, 7, 12.8, 229
60, 400, 7, 12.8, 208
60, 400, 7, 12.8, 70
60, 400, 7, 12.8, 117
60, 400, 7, 12.8, 62
60, 400, 7, 12.8, 280
60, 400, 7, 12.8, 471
60, 400, 7, 12.8, 71
60, 400, 7, 12.8, 110
60, 400, 7, 12.8, 240
60, 400, 7, 12.8, 79
60, 400, 7, 12.8, 457
60, 400, 7, 12.8, 81
60, 400, 7, 12.8, 163
60, 400, 7, 12.8, 62
60, 400, 7, 51.2, 164
60, 400, 7, 51.2, 58
60, 400, 7, 51.2, 70
60, 400, 7, 51.2, 162
60, 400, 7, 51.2, 58
60, 400, 7, 51.2, 255
60, 400, 7, 51.2, 98
60, 400, 7, 51.2, 186
60, 400, 7, 51.2, 57
60, 400, 7, 51.2, 102
60, 400, 7, 51.2, 70
60, 400, 7, 51.2, 68
60, 400, 7, 51.2, 70
60, 400, 7, 51.2, 55
60, 400, 7, 51.2, 57
60, 400, 7, 51.2, 66
60, 400, 7, 51.2, 120
60, 400, 7, 51.2, 64
60, 400, 7, 51.2, 59
60, 400, 7, 51.2, 67
60, 400, 7, 204.8, 59
60, 400, 7, 204.8, 79
60, 400, 7, 204.8, 53
60, 400, 7, 204.8, 88
60, 400, 7, 204.8, 163
60, 400, 7, 204.8, 73
60, 400, 7, 204.8, 79
60, 400, 7, 204.8, 165
60, 400, 7, 204.8, 66
60, 400, 7, 204.8, 97
60, 400, 7, 204.8, 54
60, 400, 7, 204.8, 61
60, 400, 7, 204.8, 55
60, 400, 7, 204.8, 66
60, 400, 7, 204.8, 69
60, 400, 7, 204.8, 88
60, 400, 7, 204.8, 106
60, 400, 7, 204.8, 97
60, 400, 7, 204.8, 192
60, 400, 7, 204.8, 78
60, 400, 7, 819.2, 59
60, 400, 7, 819.2, 120
60, 400, 7, 819.2, 73
60, 400, 7, 819.2, 80
60, 400, 7, 819.2, 112
60, 400, 7, 819.2, 135
60, 400, 7, 819.2, 189
60, 400, 7, 819.2, 57
60, 400, 7, 819.2, 79
60, 400, 7, 819.2, 118
60, 400, 7, 819.2, 153
60, 400, 7, 819.2, 58
60, 400, 7, 819.2, 139
60, 400, 7, 819.2, 85
60, 400, 7, 819.2, 82
60, 400, 7, 819.2, 58
60, 400, 7, 819.2, 147
60, 400, 7, 819.2, 73
60, 400, 7, 819.2, 68
60, 400, 7, 819.2, 72
60, 400, 6, 0.8, 54
60, 400, 6, 0.8, 617
60, 400, 6, 0.8, 901
60, 400, 6, 0.8, 235
60, 400, 6, 0.8, 153
60, 400, 6, 0.8, 101
60, 400, 6, 0.8, 61
60, 400, 6, 0.8, 183
60, 400, 6, 0.8, 59
60, 400, 6, 0.8, 351
60, 400, 6, 0.8, 57
60, 400, 6, 0.8, 435
60, 400, 6, 0.8, 303
60, 400, 6, 0.8, 68
60, 400, 6, 0.8, 47
60, 400, 6, 0.8, 726
60, 400, 6, 0.8, 221
60, 400, 6, 0.8, 46
60, 400, 6, 0.8, 52
60, 400, 6, 0.8, 1246
60, 400, 6, 3.2, 115
60, 400, 6, 3.2, 78
60, 400, 6, 3.2, 53
60, 400, 6, 3.2, 54
60, 400, 6, 3.2, 350
60, 400, 6, 3.2, 178
60, 400, 6, 3.2, 64
60, 400, 6, 3.2, 137
60, 400, 6, 3.2, 56
60, 400, 6, 3.2, 333
60, 400, 6, 3.2, 149
60, 400, 6, 3.2, 50
60, 400, 6, 3.2, 231
60, 400, 6, 3.2, 557
60, 400, 6, 3.2, 50
60, 400, 6, 3.2, 74
60, 400, 6, 3.2, 66
60, 400, 6, 3.2, 64
60, 400, 6, 3.2, 85
60, 400, 6, 3.2, 51
60, 400, 6, 12.8, 55
60, 400, 6, 12.8, 56
60, 400, 6, 12.8, 56
60, 400, 6, 12.8, 66
60, 400, 6, 12.8, 371
60, 400, 6, 12.8, 55
60, 400, 6, 12.8, 241
60, 400, 6, 12.8, 61
60, 400, 6, 12.8, 66
60, 400, 6, 12.8, 181
60, 400, 6, 12.8, 450
60, 400, 6, 12.8, 73
60, 400, 6, 12.8, 67
60, 400, 6, 12.8, 70
60, 400, 6, 12.8, 176
60, 400, 6, 12.8, 159
60, 400, 6, 12.8, 64
60, 400, 6, 12.8, 59
60, 400, 6, 12.8, 74
60, 400, 6, 12.8, 54
60, 400, 6, 51.2, 66
60, 400, 6, 51.2, 46
60, 400, 6, 51.2, 192
60, 400, 6, 51.2, 51
60, 400, 6, 51.2, 63
60, 400, 6, 51.2, 66
60, 400, 6, 51.2, 56
60, 400, 6, 51.2, 145
60, 400, 6, 51.2, 157
60, 400, 6, 51.2, 87
60, 400, 6, 51.2, 59
60, 400, 6, 51.2, 50
60, 400, 6, 51.2, 75
60, 400, 6, 51.2, 75
60, 400, 6, 51.2, 146
60, 400, 6, 51.2, 125
60, 400, 6, 51.2, 59
60, 400, 6, 51.2, 79
60, 400, 6, 51.2, 220
60, 400, 6, 51.2, 58
60, 400, 6, 204.8, 52
60, 400, 6, 204.8, 80
60, 400, 6, 204.8, 163
60, 400, 6, 204.8, 94
60, 400, 6, 204.8, 105
60, 400, 6, 204.8, 54
60, 400, 6, 204.8, 111
60, 400, 6, 204.8, 80
60, 400, 6, 204.8, 50
60, 400, 6, 204.8, 59
60, 400, 6, 204.8, 46
60, 400, 6, 204.8, 52
60, 400, 6, 204.8, 92
60, 400, 6, 204.8, 134
60, 400, 6, 204.8, 67
60, 400, 6, 204.8, 49
60, 400, 6, 204.8, 47
60, 400, 6, 204.8, 133
60, 400, 6, 204.8, 136
60, 400, 6, 204.8, 88
60, 400, 6, 819.2, 85
60, 400, 6, 819.2, 146
60, 400, 6, 819.2, 99
60, 400, 6, 819.2, 63
60, 400, 6, 819.2, 143
60, 400, 6, 819.2, 85
60, 400, 6, 819.2, 57
60, 400, 6, 819.2, 59
60, 400, 6, 819.2, 129
60, 400, 6, 819.2, 61
60, 400, 6, 819.2, 80
60, 400, 6, 819.2, 98
60, 400, 6, 819.2, 58
60, 400, 6, 819.2, 71
60, 400, 6, 819.2, 96
60, 400, 6, 819.2, 48
60, 400, 6, 819.2, 56
60, 400, 6, 819.2, 60
60, 400, 6, 819.2, 111
60, 400, 6, 819.2, 85
60, 400, 5, 0.8, 47
60, 400, 5, 0.8, 843
60, 400, 5, 0.8, 136
60, 400, 5, 0.8, 45
60, 400, 5, 0.8, 451
60, 400, 5, 0.8, 91
60, 400, 5, 0.8, 728
60, 400, 5, 0.8, 158
60, 400, 5, 0.8, 59
60, 400, 5, 0.8, 1017
60, 400, 5, 0.8, 441
60, 400, 5, 0.8, 85
60, 400, 5, 0.8, 65
60, 400, 5, 0.8, 42
60, 400, 5, 0.8, 106
60, 400, 5, 0.8, 46
60, 400, 5, 0.8, 110
60, 400, 5, 0.8, 52
60, 400, 5, 0.8, 41
60, 400, 5, 0.8, 103
60, 400, 5, 3.2, 102
60, 400, 5, 3.2, 121
60, 400, 5, 3.2, 334
60, 400, 5, 3.2, 51
60, 400, 5, 3.2, 45
60, 400, 5, 3.2, 51
60, 400, 5, 3.2, 68
60, 400, 5, 3.2, 41
60, 400, 5, 3.2, 209
60, 400, 5, 3.2, 40
60, 400, 5, 3.2, 46
60, 400, 5, 3.2, 119
60, 400, 5, 3.2, 45
60, 400, 5, 3.2, 213
60, 400, 5, 3.2, 79
60, 400, 5, 3.2, 192
60, 400, 5, 3.2, 45
60, 400, 5, 3.2, 79
60, 400, 5, 3.2, 365
60, 400, 5, 3.2, 116
60, 400, 5, 12.8, 40
60, 400, 5, 12.8, 49
60, 400, 5, 12.8, 57
60, 400, 5, 12.8, 45
60, 400, 5, 12.8, 208
60, 400, 5, 12.8, 38
60, 400, 5, 12.8, 49
60, 400, 5, 12.8, 60
60, 400, 5, 12.8, 49
60, 400, 5, 12.8, 197
60, 400, 5, 12.8, 128
60, 400, 5, 12.8, 46
60, 400, 5, 12.8, 87
60, 400, 5, 12.8, 43
60, 400, 5, 12.8, 150
60, 400, 5, 12.8, 88
60, 400, 5, 12.8, 210
60, 400, 5, 12.8, 47
60, 400, 5, 12.8, 63
60, 400, 5, 12.8, 245
60, 400, 5, 51.2, 100
60, 400, 5, 51.2, 56
60, 400, 5, 51.2, 59
60, 400, 5, 51.2, 183
60, 400, 5, 51.2, 48
60, 400, 5, 51.2, 89
60, 400, 5, 51.2, 56
60, 400, 5, 51.2, 59
60, 400, 5, 51.2, 127
60, 400, 5, 51.2, 47
60, 400, 5, 51.2, 51
60, 400, 5, 51.2, 62
60, 400, 5, 51.2, 117
60, 400, 5, 51.2, 44
60, 400, 5, 51.2, 87
60, 400, 5, 51.2, 55
60, 400, 5, 51.2, 44
60, 400, 5, 51.2, 127
60, 400, 5, 51.2, 67
60, 400, 5, 51.2, 58
60, 400, 5, 204.8, 48
60, 400, 5, 204.8, 39
60, 400, 5, 204.8, 54
60, 400, 5, 204.8, 41
60, 400, 5, 204.8, 129
60, 400, 5, 204.8, 46
60, 400, 5, 204.8, 131
60, 400, 5, 204.8, 43
60, 400, 5, 204.8, 149
60, 400, 5, 204.8, 46
60, 400, 5, 204.8, 118
60, 400, 5, 204.8, 138
60, 400, 5, 204.8, 75
60, 400, 5, 204.8, 100
60, 400, 5, 204.8, 47
60, 400, 5, 204.8, 58
60, 400, 5, 204.8, 120
60, 400, 5, 204.8, 49
60, 400, 5, 204.8, 48
60, 400, 5, 204.8, 57
60, 400, 5, 819.2, 45
60, 400, 5, 819.2, 47
60, 400, 5, 819.2, 51
60, 400, 5, 819.2, 166
60, 400, 5, 819.2, 97
60, 400, 5, 819.2, 64
60, 400, 5, 819.2, 119
60, 400, 5, 819.2, 70
60, 400, 5, 819.2, 98
60, 400, 5, 819.2, 84
60, 400, 5, 819.2, 81
60, 400, 5, 819.2, 43
60, 400, 5, 819.2, 55
60, 400, 5, 819.2, 82
60, 400, 5, 819.2, 46
60, 400, 5, 819.2, 84
60, 400, 5, 819.2, 47
60, 400, 5, 819.2, 41
60, 400, 5, 819.2, 50
60, 400, 5, 819.2, 50
60, 400, 4, 0.8, 80
60, 400, 4, 0.8, 336
60, 400, 4, 0.8, 63
60, 400, 4, 0.8, 50
60, 400, 4, 0.8, 54
60, 400, 4, 0.8, 43
60, 400, 4, 0.8, 57
60, 400, 4, 0.8, 36
60, 400, 4, 0.8, 155
60, 400, 4, 0.8, 193
60, 400, 4, 0.8, 32
60, 400, 4, 0.8, 59
60, 400, 4, 0.8, 38
60, 400, 4, 0.8, 39
60, 400, 4, 0.8, 30
60, 400, 4, 0.8, 41
60, 400, 4, 0.8, 38
60, 400, 4, 0.8, 88
60, 400, 4, 0.8, 118
60, 400, 4, 0.8, 34
60, 400, 4, 3.2, 32
60, 400, 4, 3.2, 177
60, 400, 4, 3.2, 35
60, 400, 4, 3.2, 38
60, 400, 4, 3.2, 33
60, 400, 4, 3.2, 34
60, 400, 4, 3.2, 48
60, 400, 4, 3.2, 39
60, 400, 4, 3.2, 105
60, 400, 4, 3.2, 105
60, 400, 4, 3.2, 51
60, 400, 4, 3.2, 180
60, 400, 4, 3.2, 378
60, 400, 4, 3.2, 119
60, 400, 4, 3.2, 55
60, 400, 4, 3.2, 62
60, 400, 4, 3.2, 78
60, 400, 4, 3.2, 277
60, 400, 4, 3.2, 47
60, 400, 4, 3.2, 36
60, 400, 4, 12.8, 35
60, 400, 4, 12.8, 84
60, 400, 4, 12.8, 84
60, 400, 4, 12.8, 75
60, 400, 4, 12.8, 107
60, 400, 4, 12.8, 47
60, 400, 4, 12.8, 35
60, 400, 4, 12.8, 124
60, 400, 4, 12.8, 32
60, 400, 4, 12.8, 31
60, 400, 4, 12.8, 151
60, 400, 4, 12.8, 73
60, 400, 4, 12.8, 61
60, 400, 4, 12.8, 47
60, 400, 4, 12.8, 33
60, 400, 4, 12.8, 93
60, 400, 4, 12.8, 56
60, 400, 4, 12.8, 159
60, 400, 4, 12.8, 40
60, 400, 4, 12.8, 35
60, 400, 4, 51.2, 34
60, 400, 4, 51.2, 34
60, 400, 4, 51.2, 48
60, 400, 4, 51.2, 64
60, 400, 4, 51.2, 52
60, 400, 4, 51.2, 68
60, 400, 4, 51.2, 115
60, 400, 4, 51.2, 36
60, 400, 4, 51.2, 38
60, 400, 4, 51.2, 140
60, 400, 4, 51.2, 45
60, 400, 4, 51.2, 31
60, 400, 4, 51.2, 48
60, 400, 4, 51.2, 37
60, 400, 4, 51.2, 101
60, 400, 4, 51.2, 44
60, 400, 4, 51.2, 34
60, 400, 4, 51.2, 41
60, 400, 4, 51.2, 95
60, 400, 4, 51.2, 30
60, 400, 4, 204.8, 44
60, 400, 4, 204.8, 43
60, 400, 4, 204.8, 65
60, 400, 4, 204.8, 36
60, 400, 4, 204.8, 36
60, 400, 4, 204.8, 72
60, 400, 4, 204.8, 45
60, 400, 4, 204.8, 66
60, 400, 4, 204.8, 35
60, 400, 4, 204.8, 34
60, 400, 4, 204.8, 80
60, 400, 4, 204.8, 55
60, 400, 4, 204.8, 126
60, 400, 4, 204.8, 92
60, 400, 4, 204.8, 125
60, 400, 4, 204.8, 68
60, 400, 4, 204.8, 63
60, 400, 4, 204.8, 109
60, 400, 4, 204.8, 116
60, 400, 4, 204.8, 30
60, 400, 4, 819.2, 57
60, 400, 4, 819.2, 80
60, 400, 4, 819.2, 71
60, 400, 4, 819.2, 34
60, 400, 4, 819.2, 57
60, 400, 4, 819.2, 35
60, 400, 4, 819.2, 35
60, 400, 4, 819.2, 33
60, 400, 4, 819.2, 45
60, 400, 4, 819.2, 47
60, 400, 4, 819.2, 39
60, 400, 4, 819.2, 41
60, 400, 4, 819.2, 97
60, 400, 4, 819.2, 110
60, 400, 4, 819.2, 34
60, 400, 4, 819.2, 41
60, 400, 4, 819.2, 35
60, 400, 4, 819.2, 39
60, 400, 4, 819.2, 60
60, 400, 4, 819.2, 35
60, 400, 3, 0.8, 61
60, 400, 3, 0.8, 51
60, 400, 3, 0.8, 41
60, 400, 3, 0.8, 28
60, 400, 3, 0.8, 28
60, 400, 3, 0.8, 30
60, 400, 3, 0.8, 41
60, 400, 3, 0.8, 26
60, 400, 3, 0.8, 113
60, 400, 3, 0.8, 44
60, 400, 3, 0.8, 30
60, 400, 3, 0.8, 36
60, 400, 3, 0.8, 73
60, 400, 3, 0.8, 68
60, 400, 3, 0.8, 24
60, 400, 3, 0.8, 87
60, 400, 3, 0.8, 39
60, 400, 3, 0.8, 24
60, 400, 3, 0.8, 90
60, 400, 3, 0.8, 56
60, 400, 3, 3.2, 31
60, 400, 3, 3.2, 31
60, 400, 3, 3.2, 48
60, 400, 3, 3.2, 47
60, 400, 3, 3.2, 127
60, 400, 3, 3.2, 40
60, 400, 3, 3.2, 32
60, 400, 3, 3.2, 155
60, 400, 3, 3.2, 38
60, 400, 3, 3.2, 59
60, 400, 3, 3.2, 105
60, 400, 3, 3.2, 145
60, 400, 3, 3.2, 67
60, 400, 3, 3.2, 52
60, 400, 3, 3.2, 123
60, 400, 3, 3.2, 44
60, 400, 3, 3.2, 36
60, 400, 3, 3.2, 58
60, 400, 3, 3.2, 30
60, 400, 3, 3.2, 45
60, 400, 3, 12.8, 54
60, 400, 3, 12.8, 28
60, 400, 3, 12.8, 71
60, 400, 3, 12.8, 91
60, 400, 3, 12.8, 61
60, 400, 3, 12.8, 33
60, 400, 3, 12.8, 50
60, 400, 3, 12.8, 84
60, 400, 3, 12.8, 42
60, 400, 3, 12.8, 51
60, 400, 3, 12.8, 93
60, 400, 3, 12.8, 23
60, 400, 3, 12.8, 26
60, 400, 3, 12.8, 84
60, 400, 3, 12.8, 34
60, 400, 3, 12.8, 139
60, 400, 3, 12.8, 29
60, 400, 3, 12.8, 48
60, 400, 3, 12.8, 36
60, 400, 3, 12.8, 66
60, 400, 3, 51.2, 35
60, 400, 3, 51.2, 39
60, 400, 3, 51.2, 33
60, 400, 3, 51.2, 35
60, 400, 3, 51.2, 23
60, 400, 3, 51.2, 29
60, 400, 3, 51.2, 51
60, 400, 3, 51.2, 46
60, 400, 3, 51.2, 37
60, 400, 3, 51.2, 32
60, 400, 3, 51.2, 95
60, 400, 3, 51.2, 38
60, 400, 3, 51.2, 46
60, 400, 3, 51.2, 25
60, 400, 3, 51.2, 27
60, 400, 3, 51.2, 80
60, 400, 3, 51.2, 24
60, 400, 3, 51.2, 30
60, 400, 3, 51.2, 36
60, 400, 3, 51.2, 29
60, 400, 3, 204.8, 73
60, 400, 3, 204.8, 65
60, 400, 3, 204.8, 56
60, 400, 3, 204.8, 40
60, 400, 3, 204.8, 49
60, 400, 3, 204.8, 73
60, 400, 3, 204.8, 32
60, 400, 3, 204.8, 46
60, 400, 3, 204.8, 28
60, 400, 3, 204.8, 35
60, 400, 3, 204.8, 54
60, 400, 3, 204.8, 29
60, 400, 3, 204.8, 25
60, 400, 3, 204.8, 35
60, 400, 3, 204.8, 68
60, 400, 3, 204.8, 35
60, 400, 3, 204.8, 30
60, 400, 3, 204.8, 27
60, 400, 3, 204.8, 87
60, 400, 3, 204.8, 27
60, 400, 3, 819.2, 25
60, 400, 3, 819.2, 90
60, 400, 3, 819.2, 34
60, 400, 3, 819.2, 48
60, 400, 3, 819.2, 45
60, 400, 3, 819.2, 45
60, 400, 3, 819.2, 70
60, 400, 3, 819.2, 79
60, 400, 3, 819.2, 41
60, 400, 3, 819.2, 82
60, 400, 3, 819.2, 75
60, 400, 3, 819.2, 25
60, 400, 3, 819.2, 38
60, 400, 3, 819.2, 57
60, 400, 3, 819.2, 61
60, 400, 3, 819.2, 31
60, 400, 3, 819.2, 93
60, 400, 3, 819.2, 48
60, 400, 3, 819.2, 56
60, 400, 3, 819.2, 27
60, 200, 8, 0.8, 1352
60, 200, 8, 0.8, 42
60, 200, 8, 0.8, 50
60, 200, 8, 0.8, 125
60, 200, 8, 0.8, 49
60, 200, 8, 0.8, 727
60, 200, 8, 0.8, 710
60, 200, 8, 0.8, 79
60, 200, 8, 0.8, 31
60, 200, 8, 0.8, 83
60, 200, 8, 0.8, 149
60, 200, 8, 0.8, 35
60, 200, 8, 0.8, 49
60, 200, 8, 0.8, 115
60, 200, 8, 0.8, 213
60, 200, 8, 0.8, 159
60, 200, 8, 0.8, 30
60, 200, 8, 0.8, 361
60, 200, 8, 0.8, 50
60, 200, 8, 0.8, 37
60, 200, 8, 3.2, 38
60, 200, 8, 3.2, 33
60, 200, 8, 3.2, 39
60, 200, 8, 3.2, 32
60, 200, 8, 3.2, 206
60, 200, 8, 3.2, 133
60, 200, 8, 3.2, 37
60, 200, 8, 3.2, 37
60, 200, 8, 3.2, 140
60, 200, 8, 3.2, 33
60, 200, 8, 3.2, 33
60, 200, 8, 3.2, 29
60, 200, 8, 3.2, 32
60, 200, 8, 3.2, 32
60, 200, 8, 3.2, 30
60, 200, 8, 3.2, 34
60, 200, 8, 3.2, 269
60, 200, 8, 3.2, 38
60, 200, 8, 3.2, 107
60, 200, 8, 3.2, 51
60, 200, 8, 12.8, 52
60, 200, 8, 12.8, 50
60, 200, 8, 12.8, 76
60, 200, 8, 12.8, 57
60, 200, 8, 12.8, 36
60, 200, 8, 12.8, 45
60, 200, 8, 12.8, 76
60, 200, 8, 12.8, 44
60, 200, 8, 12.8, 31
60, 200, 8, 12.8, 83
60, 200, 8, 12.8, 38
60, 200, 8, 12.8, 84
60, 200, 8, 12.8, 34
60, 200, 8, 12.8, 37
60, 200, 8, 12.8, 31
60, 200, 8, 12.8, 35
60, 200, 8, 12.8, 41
60, 200, 8, 12.8, 46
60, 200, 8, 12.8, 53
60, 200, 8, 12.8, 40
60, 200, 8, 51.2, 34
60, 200, 8, 51.2, 60
60, 200, 8, 51.2, 35
60, 200, 8, 51.2, 68
60, 200, 8, 51.2, 37
60, 200, 8, 51.2, 42
60, 200, 8, 51.2, 30
60, 200, 8, 51.2, 116
60, 200, 8, 51.2, 31
60, 200, 8, 51.2, 34
60, 200, 8, 51.2, 175
60, 200, 8, 51.2, 169
60, 200, 8, 51.2, 33
60, 200, 8, 51.2, 104
60, 200, 8, 51.2, 61
60, 200, 8, 51.2, 29
60, 200, 8, 51.2, 40
60, 200, 8, 51.2, 35
60, 200, 8, 51.2, 46
60, 200, 8, 51.2, 119
60, 200, 8, 204.8, 40
60, 200, 8, 204.8, 35
60, 200, 8, 204.8, 32
60, 200, 8, 204.8, 36
60, 200, 8, 204.8, 103
60, 200, 8, 204.8, 54
60, 200, 8, 204.8, 38
60, 200, 8, 204.8, 36
60, 200, 8, 204.8, 62
60, 200, 8, 204.8, 62
60, 200, 8, 204.8, 34
60, 200, 8, 204.8, 35
60, 200, 8, 204.8, 66
60, 200, 8, 204.8, 67
60, 200, 8, 204.8, 30
60, 200, 8, 204.8, 92
60, 200, 8, 204.8, 30
60, 200, 8, 204.8, 41
60, 200, 8, 204.8, 41
60, 200, 8, 204.8, 33
60, 200, 8, 819.2, 35
60, 200, 8, 819.2, 69
60, 200, 8, 819.2, 31
60, 200, 8, 819.2, 31
60, 200, 8, 819.2, 30
60, 200, 8, 819.2, 88
60, 200, 8, 819.2, 29
60, 200, 8, 819.2, 29
60, 200, 8, 819.2, 54
60, 200, 8, 819.2, 57
60, 200, 8, 819.2, 46
60, 200, 8, 819.2, 46
60, 200, 8, 819.2, 90
60, 200, 8, 819.2, 41
60, 200, 8, 819.2, 39
60, 200, 8, 819.2, 75
60, 200, 8, 819.2, 44
60, 200, 8, 819.2, 41
60, 200, 8, 819.2, 37
60, 200, 8, 819.2, 61
60, 200, 7, 0.8, 30
60, 200, 7, 0.8, 31
60, 200, 7, 0.8, 39
60, 200, 7, 0.8, 95
60, 200, 7, 0.8, 422
60, 200, 7, 0.8, 41
60, 200, 7, 0.8, 53
60, 200, 7, 0.8, 29
60, 200, 7, 0.8, 30
60, 200, 7, 0.8, 46
60, 200, 7, 0.8, 222
60, 200, 7, 0.8, 205
60, 200, 7, 0.8, 30
60, 200, 7, 0.8, 321
60, 200, 7, 0.8, 28
60, 200, 7, 0.8, 40
60, 200, 7, 0.8, 35
60, 200, 7, 0.8, 32
60, 200, 7, 0.8, 328
60, 200, 7, 0.8, 89
60, 200, 7, 3.2, 66
60, 200, 7, 3.2, 30
60, 200, 7, 3.2, 26
60, 200, 7, 3.2, 161
60, 200, 7, 3.2, 26
60, 200, 7, 3.2, 30
60, 200, 7, 3.2, 262
60, 200, 7, 3.2, 123
60, 200, 7, 3.2, 33
60, 200, 7, 3.2, 110
60, 200, 7, 3.2, 35
60, 200, 7, 3.2, 62
60, 200, 7, 3.2, 31
60, 200, 7, 3.2, 55
60, 200, 7, 3.2, 31
60, 200, 7, 3.2, 33
60, 200, 7, 3.2, 61
60, 200, 7, 3.2, 46
60, 200, 7, 3.2, 65
60, 200, 7, 3.2, 27
60, 200, 7, 12.8, 44
60, 200, 7, 12.8, 32
60, 200, 7, 12.8, 54
60, 200, 7, 12.8, 32
60, 200, 7, 12.8, 27
60, 200, 7, 12.8, 29
60, 200, 7, 12.8, 31
60, 200, 7, 12.8, 32
60, 200, 7, 12.8, 169
60, 200, 7, 12.8, 43
60, 200, 7, 12.8, 120
60, 200, 7, 12.8, 39
60, 200, 7, 12.8, 26
60, 200, 7, 12.8, 30
60, 200, 7, 12.8, 52
60, 200, 7, 12.8, 35
60, 200, 7, 12.8, 74
60, 200, 7, 12.8, 46
60, 200, 7, 12.8, 33
60, 200, 7, 12.8, 63
60, 200, 7, 51.2, 60
60, 200, 7, 51.2, 39
60, 200, 7, 51.2, 35
60, 200, 7, 51.2, 35
60, 200, 7, 51.2, 75
60, 200, 7, 51.2, 28
60, 200, 7, 51.2, 31
60, 200, 7, 51.2, 33
60, 200, 7, 51.2, 35
60, 200, 7, 51.2, 63
60, 200, 7, 51.2, 138
60, 200, 7, 51.2, 73
60, 200, 7, 51.2, 30
60, 200, 7, 51.2, 66
60, 200, 7, 51.2, 31
60, 200, 7, 51.2, 55
60, 200, 7, 51.2, 31
60, 200, 7, 51.2, 27
60, 200, 7, 51.2, 38
60, 200, 7, 51.2, 26
60, 200, 7, 204.8, 30
60, 200, 7, 204.8, 31
60, 200, 7, 204.8, 34
60, 200, 7, 204.8, 45
60, 200, 7, 204.8, 67
60, 200, 7, 204.8, 63
60, 200, 7, 204.8, 42
60, 200, 7, 204.8, 58
60, 200, 7, 204.8, 40
60, 200, 7, 204.8, 48
60, 200, 7, 204.8, 28
60, 200, 7, 204.8, 45
60, 200, 7, 204.8, 40
60, 200, 7, 204.8, 41
60, 200, 7, 204.8, 51
60, 200, 7, 204.8, 25
60, 200, 7, 204.8, 69
60, 200, 7, 204.8, 42
60, 200, 7, 204.8, 31
60, 200, 7, 204.8, 51
60, 200, 7, 819.2, 48
60, 200, 7, 819.2, 49
60, 200, 7, 819.2, 82
60, 200, 7, 819.2, 56
60, 200, 7, 819.2, 57
60, 200, 7, 819.2, 38
60, 200, 7, 819.2, 45
60, 200, 7, 819.2, 42
60, 200, 7, 819.2, 64
60, 200, 7, 819.2, 29
60, 200, 7, 819.2, 44
60, 200, 7, 819.2, 31
60, 200, 7, 819.2, 39
60, 200, 7, 819.2, 67
60, 200, 7, 819.2, 37
60, 200, 7, 819.2, 28
60, 200, 7, 819.2, 33
60, 200, 7, 819.2, 42
60, 200, 7, 819.2, 62
60, 200, 7, 819.2, 37
60, 200, 6, 0.8, 24
60, 200, 6, 0.8, 45
60, 200, 6, 0.8, 124
60, 200, 6, 0.8, 26
60, 200, 6, 0.8, 101
60, 200, 6, 0.8, 46
60, 200, 6, 0.8, 33
60, 200, 6, 0.8, 57
60, 200, 6, 0.8, 26
60, 200, 6, 0.8, 155
60, 200, 6, 0.8, 68
60, 200, 6, 0.8, 33
60, 200, 6, 0.8, 89
60, 200, 6, 0.8, 47
60, 200, 6, 0.8, 26
60, 200, 6, 0.8, 29
60, 200, 6, 0.8, 276
60, 200, 6, 0.8, 24
60, 200, 6, 0.8, 25
60, 200, 6, 0.8, 22
60, 200, 6, 3.2, 24
60, 200, 6, 3.2, 62
60, 200, 6, 3.2, 43
60, 200, 6, 3.2, 32
60, 200, 6, 3.2, 111
60, 200, 6, 3.2, 84
60, 200, 6, 3.2, 26
60, 200, 6, 3.2, 104
60, 200, 6, 3.2, 26
60, 200, 6, 3.2, 34
60, 200, 6, 3.2, 28
60, 200, 6, 3.2, 230
60, 200, 6, 3.2, 24
60, 200, 6, 3.2, 73
60, 200, 6, 3.2, 29
60, 200, 6, 3.2, 100
60, 200, 6, 3.2, 83
60, 200, 6, 3.2, 33
60, 200, 6, 3.2, 99
60, 200, 6, 3.2, 72
60, 200, 6, 12.8, 23
60, 200, 6, 12.8, 31
60, 200, 6, 12.8, 36
60, 200, 6, 12.8, 26
60, 200, 6, 12.8, 41
60, 200, 6, 12.8, 95
60, 200, 6, 12.8, 34
60, 200, 6, 12.8, 63
60, 200, 6, 12.8, 45
60, 200, 6, 12.8, 23
60, 200, 6, 12.8, 70
60, 200, 6, 12.8, 44
60, 200, 6, 12.8, 37
60, 200, 6, 12.8, 27
60, 200, 6, 12.8, 28
60, 200, 6, 12.8, 124
60, 200, 6, 12.8, 84
60, 200, 6, 12.8, 22
60, 200, 6, 12.8, 29
60, 200, 6, 12.8, 26
60, 200, 6, 51.2, 26
60, 200, 6, 51.2, 28
60, 200, 6, 51.2, 49
60, 200, 6, 51.2, 28
60, 200, 6, 51.2, 44
60, 200, 6, 51.2, 42
60, 200, 6, 51.2, 42
60, 200, 6, 51.2, 30
60, 200, 6, 51.2, 37
60, 200, 6, 51.2, 87
60, 200, 6, 51.2, 75
60, 200, 6, 51.2, 59
60, 200, 6, 51.2, 25
60, 200, 6, 51.2, 42
60, 200, 6, 51.2, 31
60, 200, 6, 51.2, 79
60, 200, 6, 51.2, 24
60, 200, 6, 51.2, 30
60, 200, 6, 51.2, 27
60, 200, 6, 51.2, 26
60, 200, 6, 204.8, 44
60, 200, 6, 204.8, 35
60, 200, 6, 204.8, 30
60, 200, 6, 204.8, 49
60, 200, 6, 204.8, 60
60, 200, 6, 204.8, 27
60, 200, 6, 204.8, 30
60, 200, 6, 204.8, 41
60, 200, 6, 204.8, 84
60, 200, 6, 204.8, 30
60, 200, 6, 204.8, 30
60, 200, 6, 204.8, 32
60, 200, 6, 204.8, 108
60, 200, 6, 204.8, 27
60, 200, 6, 204.8, 54
60, 200, 6, 204.8, 59
60, 200, 6, 204.8, 34
60, 200, 6, 204.8, 34
60, 200, 6, 204.8, 27
60, 200, 6, 204.8, 27
60, 200, 6, 819.2, 28
60, 200, 6, 819.2, 45
60, 200, 6, 819.2, 31
60, 200, 6, 819.2, 55
60, 200, 6, 819.2, 23
60, 200, 6, 819.2, 47
60, 200, 6, 819.2, 31
60, 200, 6, 819.2, 45
60, 200, 6, 819.2, 29
60, 200, 6, 819.2, 29
60, 200, 6, 819.2, 33
60, 200, 6, 819.2, 29
60, 200, 6, 819.2, 75
60, 200, 6, 819.2, 26
60, 200, 6, 819.2, 41
60, 200, 6, 819.2, 32
60, 200, 6, 819.2, 44
60, 200, 6, 819.2, 24
60, 200, 6, 819.2, 66
60, 200, 6, 819.2, 26
60, 200, 5, 0.8, 20
60, 200, 5, 0.8, 83
60, 200, 5, 0.8, 63
60, 200, 5, 0.8, 44
60, 200, 5, 0.8, 28
60, 200, 5, 0.8, 39
60, 200, 5, 0.8, 35
60, 200, 5, 0.8, 19
60, 200, 5, 0.8, 39
60, 200, 5, 0.8, 203
60, 200, 5, 0.8, 22
60, 200, 5, 0.8, 123
60, 200, 5, 0.8, 88
60, 200, 5, 0.8, 32
60, 200, 5, 0.8, 22
60, 200, 5, 0.8, 22
60, 200, 5, 0.8, 62
60, 200, 5, 0.8, 24
60, 200, 5, 0.8, 24
60, 200, 5, 0.8, 57
60, 200, 5, 3.2, 68
60, 200, 5, 3.2, 20
60, 200, 5, 3.2, 22
60, 200, 5, 3.2, 25
60, 200, 5, 3.2, 93
60, 200, 5, 3.2, 20
60, 200, 5, 3.2, 45
60, 200, 5, 3.2, 29
60, 200, 5, 3.2, 18
60, 200, 5, 3.2, 136
60, 200, 5, 3.2, 185
60, 200, 5, 3.2, 23
60, 200, 5, 3.2, 50
60, 200, 5, 3.2, 23
60, 200, 5, 3.2, 24
60, 200, 5, 3.2, 24
60, 200, 5, 3.2, 33
60, 200, 5, 3.2, 25
60, 200, 5, 3.2, 28
60, 200, 5, 3.2, 33
60, 200, 5, 12.8, 44
60, 200, 5, 12.8, 24
60, 200, 5, 12.8, 81
60, 200, 5, 12.8, 28
60, 200, 5, 12.8, 19
60, 200, 5, 12.8, 41
60, 200, 5, 12.8, 27
60, 200, 5, 12.8, 24
60, 200, 5, 12.8, 26
60, 200, 5, 12.8, 64
60, 200, 5, 12.8, 20
60, 200, 5, 12.8, 55
60, 200, 5, 12.8, 39
60, 200, 5, 12.8, 28
60, 200, 5, 12.8, 25
60, 200, 5, 12.8, 22
60, 200, 5, 12.8, 115
60, 200, 5, 12.8, 90
60, 200, 5, 12.8, 30
60, 200, 5, 12.8, 48
60, 200, 5, 51.2, 23
60, 200, 5, 51.2, 75
60, 200, 5, 51.2, 23
60, 200, 5, 51.2, 27
60, 200, 5, 51.2, 37
60, 200, 5, 51.2, 57
60, 200, 5, 51.2, 36
60, 200, 5, 51.2, 22
60, 200, 5, 51.2, 50
60, 200, 5, 51.2, 47
60, 200, 5, 51.2, 21
60, 200, 5, 51.2, 22
60, 200, 5, 51.2, 27
60, 200, 5, 51.2, 20
60, 200, 5, 51.2, 21
60, 200, 5, 51.2, 22
60, 200, 5, 51.2, 22
60, 200, 5, 51.2, 39
60, 200, 5, 51.2, 17
60, 200, 5, 51.2, 49
60, 200, 5, 204.8, 65
60, 200, 5, 204.8, 24
60, 200, 5, 204.8, 24
60, 200, 5, 204.8, 44
60, 200, 5, 204.8, 33
60, 200, 5, 204.8, 20
60, 200, 5, 204.8, 44
60, 200, 5, 204.8, 36
60, 200, 5, 204.8, 27
60, 200, 5, 204.8, 39
60, 200, 5, 204.8, 40
60, 200, 5, 204.8, 21
60, 200, 5, 204.8, 34
60, 200, 5, 204.8, 51
60, 200, 5, 204.8, 37
60, 200, 5, 204.8, 41
60, 200, 5, 204.8, 61
60, 200, 5, 204.8, 49
60, 200, 5, 204.8, 27
60, 200, 5, 204.8, 21
60, 200, 5, 819.2, 39
60, 200, 5, 819.2, 38
60, 200, 5, 819.2, 42
60, 200, 5, 819.2, 38
60, 200, 5, 819.2, 40
60, 200, 5, 819.2, 25
60, 200, 5, 819.2, 25
60, 200, 5, 819.2, 47
60, 200, 5, 819.2, 28
60, 200, 5, 819.2, 25
60, 200, 5, 819.2, 19
60, 200, 5, 819.2, 35
60, 200, 5, 819.2, 25
60, 200, 5, 819.2, 25
60, 200, 5, 819.2, 70
60, 200, 5, 819.2, 24
60, 200, 5, 819.2, 33
60, 200, 5, 819.2, 42
60, 200, 5, 819.2, 43
60, 200, 5, 819.2, 29
60, 200, 4, 0.8, 25
60, 200, 4, 0.8, 76
60, 200, 4, 0.8, 16
60, 200, 4, 0.8, 26
60, 200, 4, 0.8, 23
60, 200, 4, 0.8, 19
60, 200, 4, 0.8, 111
60, 200, 4, 0.8, 30
60, 200, 4, 0.8, 26
60, 200, 4, 0.8, 57
60, 200, 4, 0.8, 17
60, 200, 4, 0.8, 18
60, 200, 4, 0.8, 16
60, 200, 4, 0.8, 34
60, 200, 4, 0.8, 25
60, 200, 4, 0.8, 16
60, 200, 4, 0.8, 17
60, 200, 4, 0.8, 24
60, 200, 4, 0.8, 29
60, 200, 4, 0.8, 40
60, 200, 4, 3.2, 32
60, 200, 4, 3.2, 59
60, 200, 4, 3.2, 25
60, 200, 4, 3.2, 19
60, 200, 4, 3.2, 56
60, 200, 4, 3.2, 38
60, 200, 4, 3.2, 25
60, 200, 4, 3.2, 19
60, 200, 4, 3.2, 25
60, 200, 4, 3.2, 33
60, 200, 4, 3.2, 17
60, 200, 4, 3.2, 63
60, 200, 4, 3.2, 24
60, 200, 4, 3.2, 17
60, 200, 4, 3.2, 34
60, 200, 4, 3.2, 55
60, 200, 4, 3.2, 17
60, 200, 4, 3.2, 96
60, 200, 4, 3.2, 23
60, 200, 4, 3.2, 18
60, 200, 4, 12.8, 18
60, 200, 4, 12.8, 15
60, 200, 4, 12.8, 46
60, 200, 4, 12.8, 44
60, 200, 4, 12.8, 30
60, 200, 4, 12.8, 21
60, 200, 4, 12.8, 34
60, 200, 4, 12.8, 18
60, 200, 4, 12.8, 19
60, 200, 4, 12.8, 20
60, 200, 4, 12.8, 34
60, 200, 4, 12.8, 50
60, 200, 4, 12.8, 19
60, 200, 4, 12.8, 21
60, 200, 4, 12.8, 17
60, 200, 4, 12.8, 26
60, 200, 4, 12.8, 18
60, 200, 4, 12.8, 32
60, 200, 4, 12.8, 18
60, 200, 4, 12.8, 18
60, 200, 4, 51.2, 56
60, 200, 4, 51.2, 30
60, 200, 4, 51.2, 35
60, 200, 4, 51.2, 16
60, 200, 4, 51.2, 22
60, 200, 4, 51.2, 59
60, 200, 4, 51.2, 19
60, 200, 4, 51.2, 20
60, 200, 4, 51.2, 19
60, 200, 4, 51.2, 20
60, 200, 4, 51.2, 37
60, 200, 4, 51.2, 33
60, 200, 4, 51.2, 19
60, 200, 4, 51.2, 31
60, 200, 4, 51.2, 21
60, 200, 4, 51.2, 54
60, 200, 4, 51.2, 19
60, 200, 4, 51.2, 20
60, 200, 4, 51.2, 21
60, 200, 4, 51.2, 19
60, 200, 4, 204.8, 42
60, 200, 4, 204.8, 40
60, 200, 4, 204.8, 46
60, 200, 4, 204.8, 24
60, 200, 4, 204.8, 18
60, 200, 4, 204.8, 20
60, 200, 4, 204.8, 20
60, 200, 4, 204.8, 50
60, 200, 4, 204.8, 19
60, 200, 4, 204.8, 19
60, 200, 4, 204.8, 20
60, 200, 4, 204.8, 29
60, 200, 4, 204.8, 29
60, 200, 4, 204.8, 32
60, 200, 4, 204.8, 24
60, 200, 4, 204.8, 30
60, 200, 4, 204.8, 51
60, 200, 4, 204.8, 17
60, 200, 4, 204.8, 19
60, 200, 4, 204.8, 36
60, 200, 4, 819.2, 17
60, 200, 4, 819.2, 51
60, 200, 4, 819.2, 17
60, 200, 4, 819.2, 36
60, 200, 4, 819.2, 25
60, 200, 4, 819.2, 44
60, 200, 4, 819.2, 34
60, 200, 4, 819.2, 16
60, 200, 4, 819.2, 20
60, 200, 4, 819.2, 18
60, 200, 4, 819.2, 17
60, 200, 4, 819.2, 24
60, 200, 4, 819.2, 34
60, 200, 4, 819.2, 17
60, 200, 4, 819.2, 21
60, 200, 4, 819.2, 36
60, 200, 4, 819.2, 20
60, 200, 4, 819.2, 33
60, 200, 4, 819.2, 16
60, 200, 4, 819.2, 21
60, 200, 3, 0.8, 20
60, 200, 3, 0.8, 12
60, 200, 3, 0.8, 20
60, 200, 3, 0.8, 12
60, 200, 3, 0.8, 23
60, 200, 3, 0.8, 14
60, 200, 3, 0.8, 28
60, 200, 3, 0.8, 22
60, 200, 3, 0.8, 24
60, 200, 3, 0.8, 71
60, 200, 3, 0.8, 17
60, 200, 3, 0.8, 14
60, 200, 3, 0.8, 35
60, 200, 3, 0.8, 16
60, 200, 3, 0.8, 23
60, 200, 3, 0.8, 33
60, 200, 3, 0.8, 45
60, 200, 3, 0.8, 16
60, 200, 3, 0.8, 35
60, 200, 3, 0.8, 12
60, 200, 3, 3.2, 21
60, 200, 3, 3.2, 14
60, 200, 3, 3.2, 15
60, 200, 3, 3.2, 29
60, 200, 3, 3.2, 40
60, 200, 3, 3.2, 42
60, 200, 3, 3.2, 11
60, 200, 3, 3.2, 20
60, 200, 3, 3.2, 29
60, 200, 3, 3.2, 14
60, 200, 3, 3.2, 11
60, 200, 3, 3.2, 14
60, 200, 3, 3.2, 14
60, 200, 3, 3.2, 16
60, 200, 3, 3.2, 41
60, 200, 3, 3.2, 17
60, 200, 3, 3.2, 23
60, 200, 3, 3.2, 13
60, 200, 3, 3.2, 20
60, 200, 3, 3.2, 13
60, 200, 3, 12.8, 20
60, 200, 3, 12.8, 18
60, 200, 3, 12.8, 25
60, 200, 3, 12.8, 40
60, 200, 3, 12.8, 19
60, 200, 3, 12.8, 13
60, 200, 3, 12.8, 11
60, 200, 3, 12.8, 13
60, 200, 3, 12.8, 15
60, 200, 3, 12.8, 22
60, 200, 3, 12.8, 17
60, 200, 3, 12.8, 29
60, 200, 3, 12.8, 14
60, 200, 3, 12.8, 42
60, 200, 3, 12.8, 21
60, 200, 3, 12.8, 14
60, 200, 3, 12.8, 45
60, 200, 3, 12.8, 19
60, 200, 3, 12.8, 18
60, 200, 3, 12.8, 56
60, 200, 3, 51.2, 17
60, 200, 3, 51.2, 23
60, 200, 3, 51.2, 22
60, 200, 3, 51.2, 27
60, 200, 3, 51.2, 35
60, 200, 3, 51.2, 23
60, 200, 3, 51.2, 39
60, 200, 3, 51.2, 13
60, 200, 3, 51.2, 25
60, 200, 3, 51.2, 15
60, 200, 3, 51.2, 18
60, 200, 3, 51.2, 16
60, 200, 3, 51.2, 13
60, 200, 3, 51.2, 17
60, 200, 3, 51.2, 16
60, 200, 3, 51.2, 14
60, 200, 3, 51.2, 30
60, 200, 3, 51.2, 12
60, 200, 3, 51.2, 37
60, 200, 3, 51.2, 11
60, 200, 3, 204.8, 19
60, 200, 3, 204.8, 22
60, 200, 3, 204.8, 31
60, 200, 3, 204.8, 21
60, 200, 3, 204.8, 25
60, 200, 3, 204.8, 25
60, 200, 3, 204.8, 12
60, 200, 3, 204.8, 12
60, 200, 3, 204.8, 12
60, 200, 3, 204.8, 21
60, 200, 3, 204.8, 21
60, 200, 3, 204.8, 40
60, 200, 3, 204.8, 17
60, 200, 3, 204.8, 14
60, 200, 3, 204.8, 34
60, 200, 3, 204.8, 42
60, 200, 3, 204.8, 36
60, 200, 3, 204.8, 13
60, 200, 3, 204.8, 27
60, 200, 3, 204.8, 11
60, 200, 3, 819.2, 21
60, 200, 3, 819.2, 28
60, 200, 3, 819.2, 20
60, 200, 3, 819.2, 17
60, 200, 3, 819.2, 15
60, 200, 3, 819.2, 29
60, 200, 3, 819.2, 14
60, 200, 3, 819.2, 16
60, 200, 3, 819.2, 16
60, 200, 3, 819.2, 34
60, 200, 3, 819.2, 22
60, 200, 3, 819.2, 13
60, 200, 3, 819.2, 38
60, 200, 3, 819.2, 31
60, 200, 3, 819.2, 16
60, 200, 3, 819.2, 16
60, 200, 3, 819.2, 26
60, 200, 3, 819.2, 27
60, 200, 3, 819.2, 34
60, 200, 3, 819.2, 22
